,mean_fit_time,mean_score_time,mean_test_score,mean_train_score,param_AddPoly__degree,param_LR__C,param_LR__penalty,param_LR__solver,params,rank_test_score,split0_test_score,split0_train_score,split1_test_score,split1_train_score,split2_test_score,split2_train_score,split3_test_score,split3_train_score,split4_test_score,split4_train_score,split5_test_score,split5_train_score,split6_test_score,split6_train_score,split7_test_score,split7_train_score,split8_test_score,split8_train_score,split9_test_score,split9_train_score,std_fit_time,std_score_time,std_test_score,std_train_score
0,0.007651734352111817,0.002858471870422363,0.6161616161616161,0.616161723169715,2,0.001,l1,liblinear,"{'AddPoly__degree': 2, 'LR__C': 0.001, 'LR__penalty': 'l1', 'LR__solver': 'liblinear'}",69,0.6111111111111112,0.616729088639201,0.6111111111111112,0.616729088639201,0.6179775280898876,0.6159600997506235,0.6179775280898876,0.6159600997506235,0.6179775280898876,0.6159600997506235,0.6179775280898876,0.6159600997506235,0.6179775280898876,0.6159600997506235,0.6179775280898876,0.6159600997506235,0.6179775280898876,0.6159600997506235,0.6136363636363636,0.6164383561643836,0.0012379227773714125,0.0006452694789330114,0.0028440380993940604,0.00031700110213568454
1,0.01718571186065674,0.0028334617614746093,0.6161616161616161,0.616161723169715,2,0.001,l1,saga,"{'AddPoly__degree': 2, 'LR__C': 0.001, 'LR__penalty': 'l1', 'LR__solver': 'saga'}",69,0.6111111111111112,0.616729088639201,0.6111111111111112,0.616729088639201,0.6179775280898876,0.6159600997506235,0.6179775280898876,0.6159600997506235,0.6179775280898876,0.6159600997506235,0.6179775280898876,0.6159600997506235,0.6179775280898876,0.6159600997506235,0.6179775280898876,0.6159600997506235,0.6179775280898876,0.6159600997506235,0.6136363636363636,0.6164383561643836,0.0030568214693612273,0.00022000721324058156,0.0028440380993940604,0.00031700110213568454
2,0.007094860076904297,0.0023765325546264648,0.7295173961840629,0.7353771465354522,2,0.01,l1,liblinear,"{'AddPoly__degree': 2, 'LR__C': 0.01, 'LR__penalty': 'l1', 'LR__solver': 'liblinear'}",63,0.7222222222222222,0.7340823970037453,0.6555555555555556,0.7390761548064919,0.7303370786516854,0.7319201995012469,0.7865168539325843,0.7007481296758105,0.7640449438202247,0.7456359102244389,0.6966292134831461,0.7244389027431422,0.7528089887640449,0.7456359102244389,0.6966292134831461,0.7518703241895262,0.7640449438202247,0.7319201995012469,0.7272727272727273,0.7484433374844334,0.0017217563944830487,0.0005072810368904357,0.0373023593000075,0.014182061591870425
3,0.17742464542388917,0.002064347267150879,0.7418630751964085,0.7522158242622743,2,0.01,l1,saga,"{'AddPoly__degree': 2, 'LR__C': 0.01, 'LR__penalty': 'l1', 'LR__solver': 'saga'}",61,0.6555555555555556,0.7615480649188514,0.6777777777777778,0.7590511860174781,0.7303370786516854,0.7531172069825436,0.7303370786516854,0.7531172069825436,0.7865168539325843,0.7506234413965087,0.7640449438202247,0.7493765586034913,0.7415730337078652,0.7518703241895262,0.797752808988764,0.7456359102244389,0.7752808988764045,0.7481296758104738,0.7613636363636364,0.7496886674968867,0.011602195359887124,0.0001316799971507661,0.04362632133815367,0.004610127436616808
4,0.010807013511657715,0.002025604248046875,0.8024691358024691,0.8130716601871905,2,0.1,l1,liblinear,"{'AddPoly__degree': 2, 'LR__C': 0.1, 'LR__penalty': 'l1', 'LR__solver': 'liblinear'}",39,0.8,0.8127340823970037,0.7444444444444445,0.8252184769038702,0.8089887640449438,0.814214463840399,0.8426966292134831,0.8104738154613467,0.8202247191011236,0.8092269326683291,0.797752808988764,0.8154613466334164,0.7752808988764045,0.8129675810473815,0.7640449438202247,0.8192019950124688,0.8539325842696629,0.8079800498753117,0.8181818181818182,0.8032378580323786,0.0011946788989013826,1.747430906892998e-05,0.03241224584773017,0.005800227939084473
5,0.2864462614059448,0.0021875858306884765,0.8114478114478114,0.8208045143754777,2,0.1,l1,saga,"{'AddPoly__degree': 2, 'LR__C': 0.1, 'LR__penalty': 'l1', 'LR__solver': 'saga'}",19,0.8222222222222222,0.8277153558052435,0.7666666666666667,0.83270911360799,0.797752808988764,0.827930174563591,0.8539325842696629,0.8179551122194514,0.8314606741573034,0.8179551122194514,0.797752808988764,0.8192019950124688,0.797752808988764,0.8179551122194514,0.7640449438202247,0.8241895261845387,0.8539325842696629,0.814214463840399,0.8295454545454546,0.8082191780821918,0.014486396358795124,0.00010011543339220523,0.030461142300357555,0.0069315030991636785
6,0.042829346656799314,0.0025032520294189452,0.8047138047138047,0.8381361929526303,2,1,l1,liblinear,"{'AddPoly__degree': 2, 'LR__C': 1, 'LR__penalty': 'l1', 'LR__solver': 'liblinear'}",35,0.8111111111111111,0.8414481897627965,0.7444444444444445,0.8439450686641697,0.7528089887640449,0.8428927680798005,0.8314606741573034,0.8354114713216958,0.8314606741573034,0.8391521197007481,0.8314606741573034,0.8354114713216958,0.8089887640449438,0.8354114713216958,0.7752808988764045,0.844139650872818,0.8202247191011236,0.830423940149626,0.8409090909090909,0.8331257783312578,0.006100838294753338,0.0005415495279114465,0.033110586982596384,0.0045963725139923335
7,0.3897568941116333,0.0034272193908691405,0.813692480359147,0.8355166494269254,2,1,l1,saga,"{'AddPoly__degree': 2, 'LR__C': 1, 'LR__penalty': 'l1', 'LR__solver': 'saga'}",8,0.8222222222222222,0.83645443196005,0.7555555555555555,0.8401997503121099,0.7752808988764045,0.8428927680798005,0.8426966292134831,0.827930174563591,0.8426966292134831,0.8341645885286783,0.8202247191011236,0.8379052369077307,0.8202247191011236,0.8379052369077307,0.7752808988764045,0.8403990024937655,0.8426966292134831,0.8241895261845387,0.8409090909090909,0.8331257783312578,0.0887656680310383,0.004096472532100587,0.03126156434025526,0.005530539966464711
8,1.1346858263015747,0.0023197174072265626,0.8024691358024691,0.8615803980362416,2,10,l1,liblinear,"{'AddPoly__degree': 2, 'LR__C': 10, 'LR__penalty': 'l1', 'LR__solver': 'liblinear'}",39,0.7888888888888889,0.8651685393258427,0.7555555555555555,0.8639200998751561,0.7640449438202247,0.8703241895261845,0.8202247191011236,0.8690773067331671,0.8314606741573034,0.8566084788029925,0.7865168539325843,0.8553615960099751,0.8202247191011236,0.8603491271820449,0.7640449438202247,0.8665835411471322,0.8202247191011236,0.8541147132169576,0.875,0.8542963885429639,0.2171782856012807,0.00027353536548701407,0.03548687014336086,0.005913887763274994
9,0.40579829216003416,0.0024793386459350587,0.8103254769921436,0.8377613505613116,2,10,l1,saga,"{'AddPoly__degree': 2, 'LR__C': 10, 'LR__penalty': 'l1', 'LR__solver': 'saga'}",24,0.8222222222222222,0.8389513108614233,0.7555555555555555,0.8426966292134831,0.7752808988764045,0.8466334164588528,0.8426966292134831,0.830423940149626,0.8314606741573034,0.8329177057356608,0.8089887640449438,0.8403990024937655,0.8089887640449438,0.8379052369077307,0.7752808988764045,0.8428927680798005,0.8426966292134831,0.8291770573566085,0.8409090909090909,0.8356164383561644,0.01982750994454125,0.0005346145179647545,0.03015543158616724,0.005416503631180558
10,1.4274925231933593,0.0024871110916137697,0.7991021324354658,0.865820113190298,2,100,l1,liblinear,"{'AddPoly__degree': 2, 'LR__C': 100, 'LR__penalty': 'l1', 'LR__solver': 'liblinear'}",47,0.8,0.8689138576779026,0.7444444444444445,0.8701622971285893,0.7303370786516854,0.8753117206982544,0.8539325842696629,0.8690773067331671,0.797752808988764,0.8591022443890274,0.797752808988764,0.8603491271820449,0.8202247191011236,0.8615960099750624,0.7528089887640449,0.8703241895261845,0.8089887640449438,0.8615960099750624,0.8863636363636364,0.8617683686176837,0.18936959565237377,0.00036249219179420005,0.04577437304879585,0.0052590552570785645
11,0.43445401191711425,0.0023611783981323242,0.8092031425364759,0.8378860388406133,2,100,l1,saga,"{'AddPoly__degree': 2, 'LR__C': 100, 'LR__penalty': 'l1', 'LR__solver': 'saga'}",28,0.8111111111111111,0.8389513108614233,0.7555555555555555,0.8426966292134831,0.7752808988764045,0.8466334164588528,0.8426966292134831,0.830423940149626,0.8314606741573034,0.8341645885286783,0.8089887640449438,0.8391521197007481,0.8089887640449438,0.8379052369077307,0.7752808988764045,0.8428927680798005,0.8426966292134831,0.830423940149626,0.8409090909090909,0.8356164383561644,0.012689103042518144,0.00013909296789942717,0.02989743380617055,0.005077696120544642
12,1.4770264148712158,0.0026268243789672853,0.797979797979798,0.8653213600730909,2,1000,l1,liblinear,"{'AddPoly__degree': 2, 'LR__C': 1000, 'LR__penalty': 'l1', 'LR__solver': 'liblinear'}",51,0.8,0.8689138576779026,0.7444444444444445,0.8701622971285893,0.7303370786516854,0.8740648379052369,0.8539325842696629,0.8690773067331671,0.797752808988764,0.85785536159601,0.797752808988764,0.8591022443890274,0.8202247191011236,0.8615960099750624,0.7528089887640449,0.8703241895261845,0.797752808988764,0.8603491271820449,0.8863636363636364,0.8617683686176837,0.20556979963540237,0.00032409496089292976,0.04565579786040554,0.005454980914509233
13,0.4991424083709717,0.0032227039337158203,0.8103254769921436,0.8378860388406133,2,1000,l1,saga,"{'AddPoly__degree': 2, 'LR__C': 1000, 'LR__penalty': 'l1', 'LR__solver': 'saga'}",24,0.8111111111111111,0.8389513108614233,0.7555555555555555,0.8426966292134831,0.7752808988764045,0.8453865336658354,0.8426966292134831,0.830423940149626,0.8314606741573034,0.8341645885286783,0.8089887640449438,0.8403990024937655,0.8089887640449438,0.8379052369077307,0.7752808988764045,0.8428927680798005,0.8426966292134831,0.830423940149626,0.8522727272727273,0.8356164383561644,0.03485912291847722,0.00044996691124027675,0.031249321125633736,0.00492222319618596
14,0.027954840660095216,0.011678767204284669,0.6172839506172839,0.6179082930745409,3,0.001,l1,liblinear,"{'AddPoly__degree': 3, 'LR__C': 0.001, 'LR__penalty': 'l1', 'LR__solver': 'liblinear'}",67,0.6111111111111112,0.6204744069912609,0.6111111111111112,0.6204744069912609,0.6292134831460674,0.6184538653366584,0.6179775280898876,0.6159600997506235,0.6179775280898876,0.6197007481296758,0.6179775280898876,0.6159600997506235,0.6179775280898876,0.6197007481296758,0.6179775280898876,0.6159600997506235,0.6179775280898876,0.6159600997506235,0.6136363636363636,0.6164383561643836,0.006965805430173997,0.0003050308339663953,0.004849282280237517,0.0019296596601210661
15,1.6329904794692993,0.012686562538146973,0.6172839506172839,0.6175342282366356,3,0.001,l1,saga,"{'AddPoly__degree': 3, 'LR__C': 0.001, 'LR__penalty': 'l1', 'LR__solver': 'saga'}",67,0.6111111111111112,0.6204744069912609,0.6111111111111112,0.6204744069912609,0.6292134831460674,0.6184538653366584,0.6179775280898876,0.6159600997506235,0.6179775280898876,0.6197007481296758,0.6179775280898876,0.6159600997506235,0.6179775280898876,0.6159600997506235,0.6179775280898876,0.6159600997506235,0.6179775280898876,0.6159600997506235,0.6136363636363636,0.6164383561643836,0.49233458696410326,0.0009144688614949644,0.004849282280237517,0.001908381018352801
16,0.02792658805847168,0.012076663970947265,0.7384960718294051,0.7488507946648228,3,0.01,l1,liblinear,"{'AddPoly__degree': 3, 'LR__C': 0.01, 'LR__penalty': 'l1', 'LR__solver': 'liblinear'}",62,0.7111111111111111,0.7478152309612984,0.7555555555555555,0.7765293383270911,0.7078651685393258,0.7506234413965087,0.8202247191011236,0.7456359102244389,0.7640449438202247,0.7443890274314214,0.6966292134831461,0.7556109725685786,0.7528089887640449,0.7518703241895262,0.7078651685393258,0.7356608478802993,0.7865168539325843,0.7394014962593516,0.6818181818181818,0.7409713574097135,0.001063625862529172,6.504841866440951e-05,0.042049483206120696,0.010866123174922948
17,1.7953715801239014,0.012434148788452148,0.7800224466891134,0.789373879446374,3,0.01,l1,saga,"{'AddPoly__degree': 3, 'LR__C': 0.01, 'LR__penalty': 'l1', 'LR__solver': 'saga'}",58,0.7222222222222222,0.7827715355805244,0.7666666666666667,0.7902621722846442,0.7528089887640449,0.7942643391521197,0.8651685393258427,0.7880299251870324,0.797752808988764,0.7917705735660848,0.7640449438202247,0.7917705735660848,0.7640449438202247,0.7930174563591023,0.7528089887640449,0.7780548628428927,0.8314606741573034,0.7892768079800498,0.7840909090909091,0.7945205479452054,0.1293414387011954,0.0008526234756692924,0.03969793960972838,0.004994842463745694
18,0.08765668869018554,0.011834549903869628,0.8114478114478114,0.8291569214177846,3,0.1,l1,liblinear,"{'AddPoly__degree': 3, 'LR__C': 0.1, 'LR__penalty': 'l1', 'LR__solver': 'liblinear'}",19,0.8444444444444444,0.8264669163545568,0.7555555555555555,0.8352059925093633,0.7640449438202247,0.8316708229426434,0.8539325842696629,0.8229426433915212,0.8202247191011236,0.8266832917705735,0.7865168539325843,0.8291770573566085,0.8202247191011236,0.8354114713216958,0.7528089887640449,0.8391521197007481,0.8651685393258427,0.8216957605985037,0.8522727272727273,0.8231631382316313,0.012313011693045007,0.00032181398639602964,0.04128061626574128,0.00570527239080838
19,1.9234257459640502,0.01269989013671875,0.8092031425364759,0.8227962621280158,3,0.1,l1,saga,"{'AddPoly__degree': 3, 'LR__C': 0.1, 'LR__penalty': 'l1', 'LR__solver': 'saga'}",28,0.8444444444444444,0.8214731585518102,0.7666666666666667,0.8264669163545568,0.7752808988764045,0.8291770573566085,0.8426966292134831,0.8179551122194514,0.797752808988764,0.8204488778054863,0.797752808988764,0.8254364089775561,0.8089887640449438,0.8204488778054863,0.7640449438202247,0.8266832917705735,0.8539325842696629,0.8179551122194514,0.8409090909090909,0.821917808219178,0.12380826574412451,0.0013520621883111907,0.032622667091011005,0.0036970772315754632
20,0.3561124801635742,0.012449812889099122,0.8114478114478114,0.8694370088354921,3,1,l1,liblinear,"{'AddPoly__degree': 3, 'LR__C': 1, 'LR__penalty': 'l1', 'LR__solver': 'liblinear'}",19,0.7888888888888889,0.8726591760299626,0.7666666666666667,0.8789013732833958,0.7528089887640449,0.8802992518703242,0.8651685393258427,0.8665835411471322,0.8539325842696629,0.8665835411471322,0.7865168539325843,0.8591022443890274,0.8202247191011236,0.8653366583541147,0.7528089887640449,0.8703241895261845,0.8651685393258427,0.8678304239401496,0.8636363636363636,0.8667496886674969,0.038217427205399966,0.0004393930615840547,0.04512766894496633,0.006069922238380725
21,2.5437082767486574,0.01473536491394043,0.8114478114478114,0.8314019342714152,3,1,l1,saga,"{'AddPoly__degree': 3, 'LR__C': 1, 'LR__penalty': 'l1', 'LR__solver': 'saga'}",19,0.8444444444444444,0.8352059925093633,0.7555555555555555,0.8352059925093633,0.7640449438202247,0.8391521197007481,0.8426966292134831,0.8241895261845387,0.8314606741573034,0.8291770573566085,0.8202247191011236,0.8329177057356608,0.8202247191011236,0.830423940149626,0.7640449438202247,0.8366583541147132,0.8314606741573034,0.8241895261845387,0.8409090909090909,0.8268991282689913,0.26571599535595436,0.0023965314474448073,0.03395727362032203,0.004991533607543156
22,1.30884690284729,0.013284587860107422,0.8002244668911336,0.9004872016704832,3,10,l1,liblinear,"{'AddPoly__degree': 3, 'LR__C': 10, 'LR__penalty': 'l1', 'LR__solver': 'liblinear'}",43,0.7777777777777778,0.9076154806491885,0.7666666666666667,0.8963795255930087,0.6966292134831461,0.9164588528678305,0.8426966292134831,0.8927680798004988,0.8202247191011236,0.9002493765586035,0.8202247191011236,0.899002493765586,0.8089887640449438,0.9014962593516209,0.7415730337078652,0.9014962593516209,0.8651685393258427,0.8927680798004988,0.8636363636363636,0.8966376089663761,0.29347636793929427,0.002571047901982408,0.051637814983374,0.006790179437649064
23,2.8024235725402833,0.0160400390625,0.813692480359147,0.8322749082800049,3,10,l1,saga,"{'AddPoly__degree': 3, 'LR__C': 10, 'LR__penalty': 'l1', 'LR__solver': 'saga'}",8,0.8555555555555555,0.8352059925093633,0.7555555555555555,0.8377028714107366,0.7640449438202247,0.8391521197007481,0.8426966292134831,0.8229426433915212,0.8426966292134831,0.8291770573566085,0.8202247191011236,0.8341645885286783,0.8202247191011236,0.8316708229426434,0.7640449438202247,0.8403990024937655,0.8314606741573034,0.8241895261845387,0.8409090909090909,0.8281444582814446,0.3530216879912682,0.006734644491552524,0.035946175631959176,0.005782807811760509
24,3.3453674793243406,0.013109612464904784,0.7732884399551067,0.9198162265398363,3,100,l1,liblinear,"{'AddPoly__degree': 3, 'LR__C': 100, 'LR__penalty': 'l1', 'LR__solver': 'liblinear'}",59,0.7111111111111111,0.9250936329588015,0.7777777777777778,0.9188514357053683,0.6966292134831461,0.9314214463840399,0.7640449438202247,0.9139650872817955,0.797752808988764,0.9189526184538653,0.7640449438202247,0.9189526184538653,0.7640449438202247,0.9226932668329177,0.7752808988764045,0.9201995012468828,0.8539325842696629,0.9102244389027432,0.8295454545454546,0.9178082191780822,0.8203387439254222,0.00354464799737242,0.045028065182124946,0.005510437187336663
25,3.0048450946807863,0.015371108055114746,0.813692480359147,0.8323994412812503,3,100,l1,saga,"{'AddPoly__degree': 3, 'LR__C': 100, 'LR__penalty': 'l1', 'LR__solver': 'saga'}",8,0.8555555555555555,0.8352059925093633,0.7555555555555555,0.8377028714107366,0.7640449438202247,0.8391521197007481,0.8426966292134831,0.8229426433915212,0.8426966292134831,0.8291770573566085,0.8202247191011236,0.8341645885286783,0.8202247191011236,0.8316708229426434,0.7640449438202247,0.8403990024937655,0.8314606741573034,0.8241895261845387,0.8409090909090909,0.8293897882938979,0.2310071649760741,0.002418669311871187,0.035946175631959176,0.005705408638627204
26,8.546493887901306,0.011651730537414551,0.7676767676767676,0.9349058483620876,3,1000,l1,liblinear,"{'AddPoly__degree': 3, 'LR__C': 1000, 'LR__penalty': 'l1', 'LR__solver': 'liblinear'}",60,0.7222222222222222,0.9488139825218477,0.8111111111111111,0.9300873907615481,0.7078651685393258,0.9438902743142145,0.7640449438202247,0.9314214463840399,0.8089887640449438,0.9339152119700748,0.7415730337078652,0.9326683291770573,0.7415730337078652,0.9351620947630923,0.7640449438202247,0.9339152119700748,0.8539325842696629,0.9251870324189526,0.7613636363636364,0.933997509339975,5.993590052535037,0.002183342666394469,0.04257871753705961,0.006417398496644487
27,1.9921433448791503,0.010028624534606933,0.813692480359147,0.8325239742824955,3,1000,l1,saga,"{'AddPoly__degree': 3, 'LR__C': 1000, 'LR__penalty': 'l1', 'LR__solver': 'saga'}",8,0.8555555555555555,0.8352059925093633,0.7555555555555555,0.8377028714107366,0.7640449438202247,0.8391521197007481,0.8426966292134831,0.8229426433915212,0.8426966292134831,0.8291770573566085,0.8202247191011236,0.8341645885286783,0.8202247191011236,0.8316708229426434,0.7640449438202247,0.8403990024937655,0.8314606741573034,0.8241895261845387,0.8409090909090909,0.8306351183063512,0.09345180841728232,0.0005112478527235339,0.035946175631959176,0.005651695472234023
28,0.04062232971191406,0.002059626579284668,0.7295173961840629,0.7357560308087637,2,0.001,l2,newton-cg,"{'AddPoly__degree': 2, 'LR__C': 0.001, 'LR__penalty': 'l2', 'LR__solver': 'newton-cg'}",63,0.6444444444444445,0.7415730337078652,0.6111111111111112,0.7503121098626716,0.6966292134831461,0.7418952618453866,0.7303370786516854,0.7356608478802993,0.7415730337078652,0.7344139650872819,0.7191011235955056,0.7319201995012469,0.797752808988764,0.729426433915212,0.7865168539325843,0.7319201995012469,0.7528089887640449,0.7319201995012469,0.8181818181818182,0.7285180572851806,0.0024524705789005013,3.287723048134939e-05,0.06245732300208815,0.006494691532979692
29,0.01486349105834961,0.002083444595336914,0.7295173961840629,0.7357560308087637,2,0.001,l2,lbfgs,"{'AddPoly__degree': 2, 'LR__C': 0.001, 'LR__penalty': 'l2', 'LR__solver': 'lbfgs'}",63,0.6444444444444445,0.7415730337078652,0.6111111111111112,0.7503121098626716,0.6966292134831461,0.7418952618453866,0.7303370786516854,0.7356608478802993,0.7415730337078652,0.7344139650872819,0.7191011235955056,0.7319201995012469,0.797752808988764,0.729426433915212,0.7865168539325843,0.7319201995012469,0.7528089887640449,0.7319201995012469,0.8181818181818182,0.7285180572851806,0.000526877786612319,6.547229439579118e-05,0.06245732300208815,0.006494691532979692
30,0.10588040351867675,0.002452707290649414,0.7295173961840629,0.7357557198649405,2,0.001,l2,sag,"{'AddPoly__degree': 2, 'LR__C': 0.001, 'LR__penalty': 'l2', 'LR__solver': 'sag'}",63,0.6444444444444445,0.7415730337078652,0.6111111111111112,0.7490636704119851,0.6966292134831461,0.743142144638404,0.7303370786516854,0.7344139650872819,0.7415730337078652,0.7344139650872819,0.7191011235955056,0.7319201995012469,0.797752808988764,0.729426433915212,0.7865168539325843,0.7319201995012469,0.7528089887640449,0.7319201995012469,0.8181818181818182,0.7297633872976339,0.018963891187646076,0.0005500856388759802,0.06245732300208815,0.006238622687917595
31,0.05042321681976318,0.0020495176315307615,0.7991021324354658,0.8205520279909303,2,0.01,l2,newton-cg,"{'AddPoly__degree': 2, 'LR__C': 0.01, 'LR__penalty': 'l2', 'LR__solver': 'newton-cg'}",47,0.7333333333333333,0.8202247191011236,0.7333333333333333,0.8264669163545568,0.797752808988764,0.814214463840399,0.8202247191011236,0.8204488778054863,0.8202247191011236,0.8154613466334164,0.8202247191011236,0.8204488778054863,0.7865168539325843,0.8254364089775561,0.8089887640449438,0.8254364089775561,0.8089887640449438,0.8179551122194514,0.8636363636363636,0.8194271481942715,0.003425854232571151,3.1836880167896925e-05,0.038136591614777185,0.003961284548690928
32,0.022928929328918456,0.0020506858825683595,0.7991021324354658,0.8205520279909303,2,0.01,l2,lbfgs,"{'AddPoly__degree': 2, 'LR__C': 0.01, 'LR__penalty': 'l2', 'LR__solver': 'lbfgs'}",47,0.7333333333333333,0.8202247191011236,0.7333333333333333,0.8264669163545568,0.797752808988764,0.814214463840399,0.8202247191011236,0.8204488778054863,0.8202247191011236,0.8154613466334164,0.8202247191011236,0.8204488778054863,0.7865168539325843,0.8254364089775561,0.8089887640449438,0.8254364089775561,0.8089887640449438,0.8179551122194514,0.8636363636363636,0.8194271481942715,0.0014166888683790424,3.9205584784706514e-05,0.038136591614777185,0.003961284548690928
33,0.178780198097229,0.002064156532287598,0.7991021324354658,0.8206767158825216,2,0.01,l2,sag,"{'AddPoly__degree': 2, 'LR__C': 0.01, 'LR__penalty': 'l2', 'LR__solver': 'sag'}",47,0.7333333333333333,0.818976279650437,0.7333333333333333,0.8264669163545568,0.797752808988764,0.814214463840399,0.8089887640449438,0.8204488778054863,0.8314606741573034,0.8204488778054863,0.8314606741573034,0.8216957605985037,0.7752808988764045,0.8241895261845387,0.8089887640449438,0.8241895261845387,0.8089887640449438,0.8179551122194514,0.8636363636363636,0.8181818181818182,0.001980669549371579,3.9912729965821194e-05,0.03975556080614569,0.0034297549814127134
34,0.07123897075653077,0.002171182632446289,0.8204264870931538,0.8366397767721111,2,0.1,l2,newton-cg,"{'AddPoly__degree': 2, 'LR__C': 0.1, 'LR__penalty': 'l2', 'LR__solver': 'newton-cg'}",2,0.8333333333333334,0.8389513108614233,0.7444444444444445,0.8414481897627965,0.7865168539325843,0.8466334164588528,0.8651685393258427,0.8291770573566085,0.8426966292134831,0.8366583541147132,0.8202247191011236,0.8379052369077307,0.8202247191011236,0.8341645885286783,0.7865168539325843,0.8428927680798005,0.8651685393258427,0.8291770573566085,0.8409090909090909,0.8293897882938979,0.00475916078800761,0.00012956088539719913,0.03634013198172082,0.005823330200269379
35,0.0485992431640625,0.0019870758056640624,0.8204264870931538,0.8366397767721111,2,0.1,l2,lbfgs,"{'AddPoly__degree': 2, 'LR__C': 0.1, 'LR__penalty': 'l2', 'LR__solver': 'lbfgs'}",2,0.8333333333333334,0.8389513108614233,0.7444444444444445,0.8414481897627965,0.7865168539325843,0.8466334164588528,0.8651685393258427,0.8291770573566085,0.8426966292134831,0.8366583541147132,0.8202247191011236,0.8379052369077307,0.8202247191011236,0.8341645885286783,0.7865168539325843,0.8428927680798005,0.8651685393258427,0.8291770573566085,0.8409090909090909,0.8293897882938979,0.003157353854782287,2.695273266468743e-05,0.03634013198172082,0.005823330200269379
36,0.1838059425354004,0.0020277738571166993,0.8215488215488216,0.8348930515892287,2,0.1,l2,sag,"{'AddPoly__degree': 2, 'LR__C': 0.1, 'LR__penalty': 'l2', 'LR__solver': 'sag'}",1,0.8333333333333334,0.8352059925093633,0.7555555555555555,0.8377028714107366,0.7865168539325843,0.8416458852867831,0.8651685393258427,0.8266832917705735,0.8426966292134831,0.8341645885286783,0.8202247191011236,0.8379052369077307,0.8202247191011236,0.8341645885286783,0.7865168539325843,0.8403990024937655,0.8651685393258427,0.830423940149626,0.8409090909090909,0.8306351183063512,0.0035005117576342774,4.337101330937533e-05,0.03407728586178676,0.004467067989118036
37,0.10925729274749756,0.0021760225296020507,0.8024691358024691,0.8431240366193655,2,1,l2,newton-cg,"{'AddPoly__degree': 2, 'LR__C': 1, 'LR__penalty': 'l2', 'LR__solver': 'newton-cg'}",39,0.7888888888888889,0.8414481897627965,0.7555555555555555,0.850187265917603,0.7528089887640449,0.8491271820448878,0.8314606741573034,0.8379052369077307,0.8314606741573034,0.8379052369077307,0.797752808988764,0.8466334164588528,0.8089887640449438,0.844139650872818,0.7752808988764045,0.8491271820448878,0.8202247191011236,0.8379052369077307,0.8636363636363636,0.8368617683686177,0.010777508060561816,0.0001410307645050442,0.03371214741838732,0.005089636675741307
38,0.0651864767074585,0.0022716522216796875,0.8047138047138047,0.8420018417179393,2,1,l2,lbfgs,"{'AddPoly__degree': 2, 'LR__C': 1, 'LR__penalty': 'l2', 'LR__solver': 'lbfgs'}",35,0.7888888888888889,0.8439450686641697,0.7666666666666667,0.846441947565543,0.7640449438202247,0.8478802992518704,0.8314606741573034,0.8366583541147132,0.8314606741573034,0.8366583541147132,0.797752808988764,0.8453865336658354,0.8089887640449438,0.844139650872818,0.7752808988764045,0.8503740648379052,0.8202247191011236,0.8329177057356608,0.8636363636363636,0.8356164383561644,0.002868233204992174,4.609710859937171e-05,0.03065575287105182,0.005697087357455506
39,0.179388427734375,0.002026534080505371,0.8103254769921436,0.8367629107200065,2,1,l2,sag,"{'AddPoly__degree': 2, 'LR__C': 1, 'LR__penalty': 'l2', 'LR__solver': 'sag'}",24,0.8222222222222222,0.83645443196005,0.7555555555555555,0.8389513108614233,0.7752808988764045,0.8453865336658354,0.8314606741573034,0.8266832917705735,0.8314606741573034,0.8354114713216958,0.8202247191011236,0.8416458852867831,0.8089887640449438,0.8366583541147132,0.7752808988764045,0.8416458852867831,0.8426966292134831,0.827930174563591,0.8409090909090909,0.8368617683686177,0.003099757578581625,5.5520868845060904e-05,0.0293071331955289,0.00555338678480098
40,0.1811154842376709,0.002059316635131836,0.8058361391694725,0.8578395932160013,2,10,l2,newton-cg,"{'AddPoly__degree': 2, 'LR__C': 10, 'LR__penalty': 'l2', 'LR__solver': 'newton-cg'}",34,0.7777777777777778,0.8614232209737828,0.7666666666666667,0.8639200998751561,0.7640449438202247,0.8665835411471322,0.8314606741573034,0.8603491271820449,0.8426966292134831,0.8503740648379052,0.7865168539325843,0.8566084788029925,0.8089887640449438,0.8528678304239401,0.7752808988764045,0.8628428927680798,0.8314606741573034,0.8516209476309227,0.875,0.8518057285180572,0.010464603809237047,4.13554464897845e-05,0.03577477363351208,0.005609363597804697
41,0.0652536153793335,0.0024092912673950194,0.8047138047138047,0.8543469207913607,2,10,l2,lbfgs,"{'AddPoly__degree': 2, 'LR__C': 10, 'LR__penalty': 'l2', 'LR__solver': 'lbfgs'}",35,0.7666666666666667,0.8576779026217228,0.7666666666666667,0.8576779026217228,0.7640449438202247,0.8615960099750624,0.8314606741573034,0.8541147132169576,0.8426966292134831,0.8503740648379052,0.797752808988764,0.8566084788029925,0.8202247191011236,0.8453865336658354,0.7640449438202247,0.85785536159601,0.8314606741573034,0.8491271820448878,0.8636363636363636,0.8530510585305106,0.0032339259805921504,7.840514145888385e-05,0.03580027705553721,0.004660632459502599
42,0.19196178913116455,0.002242708206176758,0.8092031425364759,0.8377613505613116,2,10,l2,sag,"{'AddPoly__degree': 2, 'LR__C': 10, 'LR__penalty': 'l2', 'LR__solver': 'sag'}",28,0.8111111111111111,0.8389513108614233,0.7555555555555555,0.8426966292134831,0.7752808988764045,0.8466334164588528,0.8426966292134831,0.830423940149626,0.8314606741573034,0.8329177057356608,0.8089887640449438,0.8391521197007481,0.8089887640449438,0.8379052369077307,0.7752808988764045,0.8428927680798005,0.8426966292134831,0.830423940149626,0.8409090909090909,0.8356164383561644,0.02154148950359096,0.00018938763585686657,0.02989743380617055,0.0051817916657615065
43,0.4247157335281372,0.002370476722717285,0.8002244668911336,0.8638243227803459,2,100,l2,newton-cg,"{'AddPoly__degree': 2, 'LR__C': 100, 'LR__penalty': 'l2', 'LR__solver': 'newton-cg'}",43,0.7888888888888889,0.8664169787765293,0.7444444444444445,0.867665418227216,0.7303370786516854,0.8703241895261845,0.8426966292134831,0.8690773067331671,0.8089887640449438,0.8553615960099751,0.8089887640449438,0.8553615960099751,0.8202247191011236,0.8628428927680798,0.7528089887640449,0.8665835411471322,0.8202247191011236,0.8615960099750624,0.8863636363636364,0.863013698630137,0.09009270443629949,0.0005995686721895636,0.04525471239573023,0.00498750896324357
44,0.06866214275360108,0.0022321462631225584,0.8013468013468014,0.8572150625468347,2,100,l2,lbfgs,"{'AddPoly__degree': 2, 'LR__C': 100, 'LR__penalty': 'l2', 'LR__solver': 'lbfgs'}",42,0.7444444444444445,0.8576779026217228,0.7666666666666667,0.8601747815230961,0.7415730337078652,0.8665835411471322,0.8202247191011236,0.8615960099750624,0.8314606741573034,0.8516209476309227,0.8202247191011236,0.8541147132169576,0.8202247191011236,0.8516209476309227,0.7752808988764045,0.8615960099750624,0.8314606741573034,0.8541147132169576,0.8636363636363636,0.8530510585305106,0.010027088329648819,0.00015994045383387387,0.039299716818621315,0.004840242288798638
45,0.20453250408172607,0.0022519826889038086,0.8092031425364759,0.8381352601211605,2,100,l2,sag,"{'AddPoly__degree': 2, 'LR__C': 100, 'LR__penalty': 'l2', 'LR__solver': 'sag'}",28,0.8111111111111111,0.8389513108614233,0.7555555555555555,0.8426966292134831,0.7752808988764045,0.8466334164588528,0.8426966292134831,0.830423940149626,0.8314606741573034,0.8354114713216958,0.8089887640449438,0.8391521197007481,0.8089887640449438,0.8379052369077307,0.7752808988764045,0.8428927680798005,0.8426966292134831,0.830423940149626,0.8409090909090909,0.8368617683686177,0.02186622014921811,0.00023433214170970936,0.02989743380617055,0.0049535966941348505
46,1.1816485166549682,0.0023453950881958006,0.7946127946127947,0.8654457374085693,2,1000,l2,newton-cg,"{'AddPoly__degree': 2, 'LR__C': 1000, 'LR__penalty': 'l2', 'LR__solver': 'newton-cg'}",54,0.8,0.867665418227216,0.7444444444444445,0.8701622971285893,0.7303370786516854,0.8740648379052369,0.8426966292134831,0.8690773067331671,0.797752808988764,0.8591022443890274,0.797752808988764,0.8591022443890274,0.8202247191011236,0.8628428927680798,0.7415730337078652,0.8703241895261845,0.7865168539325843,0.8591022443890274,0.8863636363636364,0.863013698630137,0.31326364846213717,0.0001636812933765851,0.0456864773373134,0.005214007351676037
47,0.06357696056365966,0.002497410774230957,0.8002244668911336,0.8574644398808591,2,1000,l2,lbfgs,"{'AddPoly__degree': 2, 'LR__C': 1000, 'LR__penalty': 'l2', 'LR__solver': 'lbfgs'}",43,0.7555555555555555,0.8589263420724095,0.7777777777777778,0.8614232209737828,0.7191011235955056,0.8640897755610972,0.8202247191011236,0.8628428927680798,0.8314606741573034,0.8566084788029925,0.8202247191011236,0.8503740648379052,0.8089887640449438,0.8541147132169576,0.7752808988764045,0.8591022443890274,0.8202247191011236,0.8516209476309227,0.875,0.8555417185554172,0.0015309242767741647,0.0001824650408392277,0.04182328334416817,0.004397548783265621
48,0.1872405767440796,0.0022190570831298827,0.8092031425364759,0.8376366622820098,2,1000,l2,sag,"{'AddPoly__degree': 2, 'LR__C': 1000, 'LR__penalty': 'l2', 'LR__solver': 'sag'}",28,0.8111111111111111,0.8389513108614233,0.7555555555555555,0.8426966292134831,0.7752808988764045,0.8453865336658354,0.8426966292134831,0.830423940149626,0.8314606741573034,0.8329177057356608,0.8089887640449438,0.8391521197007481,0.8089887640449438,0.8379052369077307,0.7752808988764045,0.8428927680798005,0.8426966292134831,0.830423940149626,0.8409090909090909,0.8356164383561644,0.013569432035145889,0.00024863494295864185,0.02989743380617055,0.00497779108732782
49,0.6840757846832275,0.011956191062927246,0.7867564534231201,0.7988543920367241,3,0.001,l2,newton-cg,"{'AddPoly__degree': 3, 'LR__C': 0.001, 'LR__penalty': 'l2', 'LR__solver': 'newton-cg'}",56,0.7444444444444445,0.8027465667915106,0.6888888888888889,0.8052434456928839,0.7528089887640449,0.8017456359102244,0.7528089887640449,0.7942643391521197,0.8539325842696629,0.7942643391521197,0.797752808988764,0.7967581047381546,0.797752808988764,0.7930174563591023,0.797752808988764,0.8104738154613467,0.8202247191011236,0.7942643391521197,0.8636363636363636,0.7957658779576587,0.18340171134137648,0.0007157892021946688,0.05060811324555009,0.005572685501709439
50,0.2284470796585083,0.011643552780151367,0.7867564534231201,0.7988543920367241,3,0.001,l2,lbfgs,"{'AddPoly__degree': 3, 'LR__C': 0.001, 'LR__penalty': 'l2', 'LR__solver': 'lbfgs'}",56,0.7444444444444445,0.8027465667915106,0.6888888888888889,0.8052434456928839,0.7528089887640449,0.8017456359102244,0.7528089887640449,0.7942643391521197,0.8539325842696629,0.7942643391521197,0.797752808988764,0.7967581047381546,0.797752808988764,0.7930174563591023,0.797752808988764,0.8104738154613467,0.8202247191011236,0.7942643391521197,0.8636363636363636,0.7957658779576587,0.023078953216672863,0.00016124152438904023,0.05060811324555009,0.005572685501709439
51,1.474349570274353,0.014879488945007324,0.7957351290684624,0.81007462872755,3,0.001,l2,sag,"{'AddPoly__degree': 3, 'LR__C': 0.001, 'LR__penalty': 'l2', 'LR__solver': 'sag'}",53,0.7666666666666667,0.8039950062421972,0.7,0.8027465667915106,0.7640449438202247,0.8241895261845387,0.8314606741573034,0.8054862842892768,0.8426966292134831,0.8042394014962594,0.7865168539325843,0.8104738154613467,0.797752808988764,0.8067331670822943,0.8089887640449438,0.8204488778054863,0.8202247191011236,0.814214463840399,0.8409090909090909,0.8082191780821918,0.1455708549417945,0.0014017876569718105,0.041798568264174746,0.006960790937920225
52,2.229574990272522,0.014409494400024415,0.819304152637486,0.8403802706485279,3,0.01,l2,newton-cg,"{'AddPoly__degree': 3, 'LR__C': 0.01, 'LR__penalty': 'l2', 'LR__solver': 'newton-cg'}",4,0.8333333333333334,0.8401997503121099,0.7666666666666667,0.8426966292134831,0.7640449438202247,0.8478802992518704,0.8539325842696629,0.8379052369077307,0.8202247191011236,0.8403990024937655,0.8314606741573034,0.8428927680798005,0.8202247191011236,0.8366583541147132,0.797752808988764,0.8478802992518704,0.8539325842696629,0.8341645885286783,0.8522727272727273,0.8331257783312578,0.35979685871120265,0.0011959491099675485,0.03182761549756791,0.004852347623764263
53,0.9106154680252075,0.013037967681884765,0.819304152637486,0.8403802706485279,3,0.01,l2,lbfgs,"{'AddPoly__degree': 3, 'LR__C': 0.01, 'LR__penalty': 'l2', 'LR__solver': 'lbfgs'}",4,0.8333333333333334,0.8401997503121099,0.7666666666666667,0.8426966292134831,0.7640449438202247,0.8478802992518704,0.8539325842696629,0.8379052369077307,0.8202247191011236,0.8403990024937655,0.8314606741573034,0.8428927680798005,0.8202247191011236,0.8366583541147132,0.797752808988764,0.8478802992518704,0.8539325842696629,0.8341645885286783,0.8522727272727273,0.8331257783312578,0.28995087966733707,0.001958389391269924,0.03182761549756791,0.004852347623764263
54,1.6225675344467163,0.015618395805358887,0.813692480359147,0.8321499078937482,3,0.01,l2,sag,"{'AddPoly__degree': 3, 'LR__C': 0.01, 'LR__penalty': 'l2', 'LR__solver': 'sag'}",8,0.8444444444444444,0.8377028714107366,0.7555555555555555,0.8302122347066168,0.7640449438202247,0.8428927680798005,0.8651685393258427,0.8241895261845387,0.8202247191011236,0.827930174563591,0.8202247191011236,0.8354114713216958,0.8202247191011236,0.8329177057356608,0.7640449438202247,0.8391521197007481,0.8426966292134831,0.8254364089775561,0.8409090909090909,0.825653798256538,0.09124200076457747,0.0009929930091247216,0.03693247066910637,0.006153873904616394
55,3.24745888710022,0.01334984302520752,0.8170594837261503,0.8569661525978216,3,0.1,l2,newton-cg,"{'AddPoly__degree': 3, 'LR__C': 0.1, 'LR__penalty': 'l2', 'LR__solver': 'newton-cg'}",6,0.8,0.8551810237203495,0.7666666666666667,0.8651685393258427,0.7640449438202247,0.8628428927680798,0.8651685393258427,0.8553615960099751,0.8764044943820225,0.8528678304239401,0.797752808988764,0.8566084788029925,0.8089887640449438,0.8541147132169576,0.7865168539325843,0.8665835411471322,0.8539325842696629,0.8491271820448878,0.8522727272727273,0.8518057285180572,0.4596755296596148,0.0016549653479868698,0.039304150728986575,0.005596472016064167
56,1.0920726537704468,0.012620687484741211,0.8159371492704826,0.8562186451973682,3,0.1,l2,lbfgs,"{'AddPoly__degree': 3, 'LR__C': 0.1, 'LR__penalty': 'l2', 'LR__solver': 'lbfgs'}",7,0.7888888888888889,0.8576779026217228,0.7777777777777778,0.8664169787765293,0.7640449438202247,0.8640897755610972,0.8651685393258427,0.8516209476309227,0.8539325842696629,0.8478802992518704,0.8202247191011236,0.8566084788029925,0.8089887640449438,0.8541147132169576,0.7752808988764045,0.8640897755610972,0.8539325842696629,0.8491271820448878,0.8522727272727273,0.8505603985056039,0.09791811728811009,0.001851954517301935,0.03636803128526114,0.006384314902426339
57,1.5150302648544312,0.014310383796691894,0.813692480359147,0.8317761547750873,3,0.1,l2,sag,"{'AddPoly__degree': 3, 'LR__C': 0.1, 'LR__penalty': 'l2', 'LR__solver': 'sag'}",8,0.8555555555555555,0.8339575530586767,0.7555555555555555,0.8377028714107366,0.7640449438202247,0.8391521197007481,0.8426966292134831,0.8229426433915212,0.8426966292134831,0.8291770573566085,0.8202247191011236,0.8341645885286783,0.8202247191011236,0.8291770573566085,0.7640449438202247,0.8403990024937655,0.8314606741573034,0.8241895261845387,0.8409090909090909,0.8268991282689913,0.31369814918967703,0.0025198607391769103,0.035946175631959176,0.005892633577336073
58,4.807955479621887,0.011236095428466797,0.813692480359147,0.8841516310498158,3,1,l2,newton-cg,"{'AddPoly__degree': 3, 'LR__C': 1, 'LR__penalty': 'l2', 'LR__solver': 'newton-cg'}",8,0.7666666666666667,0.8888888888888888,0.7777777777777778,0.8876404494382022,0.7415730337078652,0.8927680798004988,0.8539325842696629,0.8827930174563591,0.8539325842696629,0.8840399002493765,0.8202247191011236,0.8827930174563591,0.8426966292134831,0.885286783042394,0.7640449438202247,0.8765586034912718,0.8651685393258427,0.8802992518703242,0.8522727272727273,0.8804483188044832,1.621263844916869,0.0020942429868179243,0.04407815164958309,0.004472793139623606
59,1.133416223526001,0.01407783031463623,0.8114478114478114,0.8764195540272318,3,1,l2,lbfgs,"{'AddPoly__degree': 3, 'LR__C': 1, 'LR__penalty': 'l2', 'LR__solver': 'lbfgs'}",19,0.7666666666666667,0.8789013732833958,0.7666666666666667,0.8776529338327091,0.7640449438202247,0.8927680798004988,0.8314606741573034,0.8815461346633416,0.8426966292134831,0.8753117206982544,0.8089887640449438,0.8740648379052369,0.8314606741573034,0.8728179551122195,0.7752808988764045,0.871571072319202,0.8426966292134831,0.8678304239401496,0.8863636363636364,0.8717310087173101,0.16087087298324151,0.0013787800892912467,0.03987774992023585,0.006635085995194325
60,1.4879607915878297,0.014136433601379395,0.813692480359147,0.8321503752787596,3,1,l2,sag,"{'AddPoly__degree': 3, 'LR__C': 1, 'LR__penalty': 'l2', 'LR__solver': 'sag'}",8,0.8555555555555555,0.8352059925093633,0.7555555555555555,0.8377028714107366,0.7640449438202247,0.8391521197007481,0.8426966292134831,0.8229426433915212,0.8426966292134831,0.8291770573566085,0.8202247191011236,0.8341645885286783,0.8202247191011236,0.8316708229426434,0.7640449438202247,0.8403990024937655,0.8314606741573034,0.8241895261845387,0.8409090909090909,0.8268991282689913,0.2571876943611475,0.0019354634380705086,0.035946175631959176,0.005882958190653734
61,7.599482297897339,0.010533356666564941,0.8103254769921436,0.9002373588899999,3,10,l2,newton-cg,"{'AddPoly__degree': 3, 'LR__C': 10, 'LR__penalty': 'l2', 'LR__solver': 'newton-cg'}",24,0.7777777777777778,0.9051186017478152,0.7666666666666667,0.8976279650436954,0.7191011235955056,0.9139650872817955,0.8314606741573034,0.8940149625935162,0.8426966292134831,0.8927680798004988,0.8426966292134831,0.9027431421446384,0.8202247191011236,0.8977556109725686,0.7640449438202247,0.9039900249376559,0.8764044943820225,0.8952618453865336,0.8636363636363636,0.8991282689912827,2.1505349949921038,0.001856579260795139,0.048221816180977956,0.006050625427219167
62,0.8107598543167114,0.011532282829284668,0.8035914702581369,0.8789131651106313,3,10,l2,lbfgs,"{'AddPoly__degree': 3, 'LR__C': 10, 'LR__penalty': 'l2', 'LR__solver': 'lbfgs'}",38,0.8,0.8789013732833958,0.7666666666666667,0.8801498127340824,0.7191011235955056,0.8952618453865336,0.8089887640449438,0.8778054862842892,0.8202247191011236,0.8778054862842892,0.8202247191011236,0.8778054862842892,0.8539325842696629,0.8765586034912718,0.7640449438202247,0.8753117206982544,0.8089887640449438,0.8740648379052369,0.875,0.8754669987546699,0.31943866368088636,0.002551557129397174,0.042733517714346386,0.00571302320860649
63,1.582793951034546,0.014776372909545898,0.813692480359147,0.8323994412812503,3,10,l2,sag,"{'AddPoly__degree': 3, 'LR__C': 10, 'LR__penalty': 'l2', 'LR__solver': 'sag'}",8,0.8555555555555555,0.8352059925093633,0.7555555555555555,0.8377028714107366,0.7640449438202247,0.8391521197007481,0.8426966292134831,0.8229426433915212,0.8426966292134831,0.8291770573566085,0.8202247191011236,0.8341645885286783,0.8202247191011236,0.8316708229426434,0.7640449438202247,0.8403990024937655,0.8314606741573034,0.8241895261845387,0.8409090909090909,0.8293897882938979,0.04453684831433389,0.0006279437849120591,0.035946175631959176,0.005705408638627204
64,17.68438274860382,0.009296798706054687,0.7968574635241302,0.9100900698798944,3,100,l2,newton-cg,"{'AddPoly__degree': 3, 'LR__C': 100, 'LR__penalty': 'l2', 'LR__solver': 'newton-cg'}",52,0.7555555555555555,0.9176029962546817,0.7777777777777778,0.9101123595505618,0.7078651685393258,0.928927680798005,0.797752808988764,0.9052369077306733,0.8539325842696629,0.9052369077306733,0.797752808988764,0.9077306733167082,0.7640449438202247,0.912718204488778,0.7752808988764045,0.9102244389027432,0.8876404494382022,0.8977556109725686,0.8522727272727273,0.9053549190535491,8.018285085938832,0.000607235909789636,0.05105170320245885,0.008034045922955707
65,0.21444101333618165,0.008378696441650391,0.8069584736251403,0.8782897221632805,3,100,l2,lbfgs,"{'AddPoly__degree': 3, 'LR__C': 100, 'LR__penalty': 'l2', 'LR__solver': 'lbfgs'}",33,0.8,0.8764044943820225,0.7777777777777778,0.8776529338327091,0.7191011235955056,0.8952618453865336,0.8202247191011236,0.8802992518703242,0.8089887640449438,0.871571072319202,0.8202247191011236,0.8815461346633416,0.8314606741573034,0.8802992518703242,0.7640449438202247,0.8778054862842892,0.8314606741573034,0.871571072319202,0.8977272727272727,0.8704856787048568,0.003101745971692643,0.00013964352639991512,0.04488999296811605,0.006797876739616169
66,1.3964873552322388,0.01344437599182129,0.813692480359147,0.8325239742824955,3,100,l2,sag,"{'AddPoly__degree': 3, 'LR__C': 100, 'LR__penalty': 'l2', 'LR__solver': 'sag'}",8,0.8555555555555555,0.8352059925093633,0.7555555555555555,0.8377028714107366,0.7640449438202247,0.8391521197007481,0.8426966292134831,0.8229426433915212,0.8426966292134831,0.8291770573566085,0.8202247191011236,0.8341645885286783,0.8202247191011236,0.8316708229426434,0.7640449438202247,0.8403990024937655,0.8314606741573034,0.8241895261845387,0.8409090909090909,0.8306351183063512,0.4208035271068193,0.0030580481892229726,0.035946175631959176,0.005651695472234023
67,21.16254081726074,0.00831906795501709,0.7890011223344556,0.9198152937083662,3,1000,l2,newton-cg,"{'AddPoly__degree': 3, 'LR__C': 1000, 'LR__penalty': 'l2', 'LR__solver': 'newton-cg'}",55,0.7333333333333333,0.9225967540574282,0.7777777777777778,0.9176029962546817,0.7078651685393258,0.928927680798005,0.7528089887640449,0.9152119700748129,0.8651685393258427,0.9177057356608479,0.7865168539325843,0.9201995012468828,0.7415730337078652,0.9226932668329177,0.7865168539325843,0.9201995012468828,0.898876404494382,0.9114713216957606,0.8409090909090909,0.9215442092154421,13.917836993306782,0.00042588317845576666,0.05823734959124351,0.004499957574779777
68,1.1872275352478028,0.013883686065673828,0.8002244668911336,0.8786644100519639,3,1000,l2,lbfgs,"{'AddPoly__degree': 3, 'LR__C': 1000, 'LR__penalty': 'l2', 'LR__solver': 'lbfgs'}",43,0.8,0.8789013732833958,0.7444444444444445,0.8813982521847691,0.7191011235955056,0.8977556109725686,0.8089887640449438,0.8778054862842892,0.8089887640449438,0.8740648379052369,0.8314606741573034,0.8840399002493765,0.8314606741573034,0.8728179551122195,0.7528089887640449,0.8790523690773068,0.8202247191011236,0.8690773067331671,0.8863636363636364,0.8717310087173101,0.1202287090365411,0.0013586898163277295,0.046682740981019946,0.007727288382645121
69,1.3340956449508667,0.013223981857299805,0.813692480359147,0.8322749082800049,3,1000,l2,sag,"{'AddPoly__degree': 3, 'LR__C': 1000, 'LR__penalty': 'l2', 'LR__solver': 'sag'}",8,0.8555555555555555,0.8352059925093633,0.7555555555555555,0.8377028714107366,0.7640449438202247,0.8391521197007481,0.8426966292134831,0.8229426433915212,0.8426966292134831,0.8291770573566085,0.8202247191011236,0.8341645885286783,0.8202247191011236,0.8316708229426434,0.7640449438202247,0.8403990024937655,0.8314606741573034,0.8241895261845387,0.8409090909090909,0.8281444582814446,0.180943482737955,0.0021061901601428642,0.035946175631959176,0.005782807811760509
