,mean_fit_time,mean_score_time,mean_test_score,mean_train_score,param_AddPoly__degree,param_LR__C,param_LR__penalty,param_LR__solver,params,rank_test_score,split0_test_score,split0_train_score,split10_test_score,split10_train_score,split1_test_score,split1_train_score,split2_test_score,split2_train_score,split3_test_score,split3_train_score,split4_test_score,split4_train_score,split5_test_score,split5_train_score,split6_test_score,split6_train_score,split7_test_score,split7_train_score,split8_test_score,split8_train_score,split9_test_score,split9_train_score,std_fit_time,std_score_time,std_test_score,std_train_score
0,0.011373519897460938,0.0041176189075816765,0.6161616161616161,0.6161616484922875,2,0.001,l1,liblinear,"{'AddPoly__degree': 2, 'LR__C': 0.001, 'LR__penalty': 'l1', 'LR__solver': 'liblinear'}",67,0.6097560975609756,0.6168108776266996,0.6125,0.6165228113440198,0.6172839506172839,0.6160493827160494,0.6172839506172839,0.6160493827160494,0.6172839506172839,0.6160493827160494,0.6172839506172839,0.6160493827160494,0.6172839506172839,0.6160493827160494,0.6172839506172839,0.6160493827160494,0.6172839506172839,0.6160493827160494,0.6172839506172839,0.6160493827160494,0.6172839506172839,0.6160493827160494,0.002113677013943014,0.0005405322704169729,0.0024516384267728054,0.00024594336285746834
1,0.013985243710604582,0.002383448860862038,0.6161616161616161,0.6161616484922875,2,0.001,l1,saga,"{'AddPoly__degree': 2, 'LR__C': 0.001, 'LR__penalty': 'l1', 'LR__solver': 'saga'}",67,0.6097560975609756,0.6168108776266996,0.6125,0.6165228113440198,0.6172839506172839,0.6160493827160494,0.6172839506172839,0.6160493827160494,0.6172839506172839,0.6160493827160494,0.6172839506172839,0.6160493827160494,0.6172839506172839,0.6160493827160494,0.6172839506172839,0.6160493827160494,0.6172839506172839,0.6160493827160494,0.6172839506172839,0.6160493827160494,0.6172839506172839,0.6160493827160494,0.002785185005702868,0.0006156006532699499,0.0024516384267728054,0.00024594336285746834
2,0.0060198307037353516,0.0022203705527565694,0.7351290684624018,0.7371472584542563,2,0.01,l1,liblinear,"{'AddPoly__degree': 2, 'LR__C': 0.01, 'LR__penalty': 'l1', 'LR__solver': 'liblinear'}",66,0.7317073170731707,0.73053152039555,0.725,0.7484586929716399,0.654320987654321,0.737037037037037,0.7283950617283951,0.7358024691358025,0.7901234567901234,0.7419753086419754,0.7530864197530864,0.7222222222222222,0.7407407407407407,0.7493827160493827,0.7530864197530864,0.745679012345679,0.7407407407407407,0.7469135802469136,0.7160493827160493,0.7222222222222222,0.7530864197530864,0.7283950617283951,0.0014612921567409385,0.0005360436306054389,0.03177659998124352,0.009708664665958579
3,0.18410843068903143,0.002209771763194691,0.7384960718294051,0.7520773591405715,2,0.01,l1,saga,"{'AddPoly__degree': 2, 'LR__C': 0.01, 'LR__penalty': 'l1', 'LR__solver': 'saga'}",65,0.6707317073170732,0.7589616810877626,0.7625,0.749691738594328,0.654320987654321,0.7604938271604939,0.7407407407407407,0.7518518518518519,0.7530864197530864,0.7506172839506173,0.7283950617283951,0.7530864197530864,0.8024691358024691,0.745679012345679,0.6790123456790124,0.7580246913580246,0.7901234567901234,0.7469135802469136,0.7901234567901234,0.7469135802469136,0.7530864197530864,0.7506172839506173,0.015924110519026976,0.00017473449564489355,0.04842772148240331,0.004851368420904911
4,0.014359365810047497,0.0019358504902232778,0.8047138047138047,0.8117847355332857,2,0.1,l1,liblinear,"{'AddPoly__degree': 2, 'LR__C': 0.1, 'LR__penalty': 'l1', 'LR__solver': 'liblinear'}",53,0.8170731707317073,0.8084054388133498,0.8125,0.8064118372379778,0.7654320987654321,0.817283950617284,0.8148148148148148,0.8148148148148148,0.8148148148148148,0.8098765432098766,0.8271604938271605,0.8123456790123457,0.8271604938271605,0.8074074074074075,0.7777777777777778,0.8123456790123457,0.7407407407407407,0.8160493827160494,0.8024691358024691,0.8148148148148148,0.8518518518518519,0.8098765432098766,0.014258498839615706,0.00022676149915326868,0.030172946320018674,0.00349222172097003
5,0.2846750996329568,0.002131873911077326,0.8058361391694725,0.815488995187689,2,0.1,l1,saga,"{'AddPoly__degree': 2, 'LR__C': 0.1, 'LR__penalty': 'l1', 'LR__solver': 'saga'}",51,0.7926829268292683,0.8170580964153276,0.825,0.8101109741060419,0.7654320987654321,0.8185185185185185,0.8148148148148148,0.8160493827160494,0.8148148148148148,0.817283950617284,0.8395061728395061,0.8123456790123457,0.8271604938271605,0.8135802469135802,0.7777777777777778,0.8148148148148148,0.7530864197530864,0.8222222222222222,0.8024691358024691,0.817283950617284,0.8518518518518519,0.8111111111111111,0.017202445194278767,0.0001360222715626696,0.029570514339664136,0.0033817888785972485
6,0.03727397051724521,0.0022982467304576526,0.8226711560044894,0.842872162323495,2,1,l1,liblinear,"{'AddPoly__degree': 2, 'LR__C': 1, 'LR__penalty': 'l1', 'LR__solver': 'liblinear'}",9,0.8170731707317073,0.8368355995055624,0.8625,0.8458692971639951,0.7654320987654321,0.8493827160493828,0.8148148148148148,0.8506172839506173,0.8024691358024691,0.8432098765432099,0.8641975308641975,0.837037037037037,0.8271604938271605,0.845679012345679,0.7901234567901234,0.8419753086419753,0.8024691358024691,0.8419753086419753,0.8024691358024691,0.845679012345679,0.9012345679012346,0.8333333333333334,0.004823591146392777,0.0004029770334189533,0.03709573577221358,0.005137337747016802
7,0.34414488619024103,0.002169479023326527,0.819304152637486,0.8344556219444512,2,1,l1,saga,"{'AddPoly__degree': 2, 'LR__C': 1, 'LR__penalty': 'l1', 'LR__solver': 'saga'}",14,0.8048780487804879,0.8343634116192831,0.8375,0.8347718865598027,0.7530864197530864,0.8358024691358025,0.8271604938271605,0.837037037037037,0.8148148148148148,0.837037037037037,0.8518518518518519,0.8296296296296296,0.8148148148148148,0.8382716049382716,0.7777777777777778,0.8358024691358025,0.8148148148148148,0.8395061728395061,0.8271604938271605,0.8345679012345679,0.8888888888888888,0.8222222222222222,0.015688816650942117,0.00014415765883307635,0.03402165882788548,0.004573566305942303
8,1.0177128314971924,0.0026176842776211824,0.8226711560044894,0.8625146831497804,2,10,l1,liblinear,"{'AddPoly__degree': 2, 'LR__C': 10, 'LR__penalty': 'l1', 'LR__solver': 'liblinear'}",9,0.8170731707317073,0.8627935723114957,0.8625,0.8569667077681874,0.7283950617283951,0.8654320987654321,0.8024691358024691,0.8629629629629629,0.8024691358024691,0.8654320987654321,0.8888888888888888,0.8567901234567902,0.8518518518518519,0.8654320987654321,0.7654320987654321,0.8666666666666667,0.8271604938271605,0.8617283950617284,0.8148148148148148,0.8691358024691358,0.8888888888888888,0.854320987654321,0.1567922885706353,0.0015455451620236145,0.046983534014930155,0.004453766262058001
9,0.4275855367833918,0.0021173737265846944,0.8170594837261503,0.8353539053601087,2,10,l1,saga,"{'AddPoly__degree': 2, 'LR__C': 10, 'LR__penalty': 'l1', 'LR__solver': 'saga'}",19,0.8170731707317073,0.8368355995055624,0.8375,0.8335388409371147,0.7530864197530864,0.837037037037037,0.8271604938271605,0.837037037037037,0.8148148148148148,0.8382716049382716,0.8271604938271605,0.8320987654320988,0.8024691358024691,0.8407407407407408,0.7901234567901234,0.837037037037037,0.8148148148148148,0.8382716049382716,0.8271604938271605,0.8333333333333334,0.8765432098765432,0.8246913580246914,0.03602825130494818,9.591285050446929e-05,0.029073761009544802,0.0041385238161704245
10,1.1314881281419233,0.00213633884083141,0.819304152637486,0.8657702851155872,2,100,l1,liblinear,"{'AddPoly__degree': 2, 'LR__C': 100, 'LR__penalty': 'l1', 'LR__solver': 'liblinear'}",14,0.8170731707317073,0.8689740420271941,0.85,0.8557336621454994,0.7283950617283951,0.8691358024691358,0.8024691358024691,0.8703703703703703,0.8395061728395061,0.8753086419753087,0.8765432098765432,0.854320987654321,0.8518518518518519,0.8617283950617284,0.7654320987654321,0.8716049382716049,0.8271604938271605,0.8679012345679012,0.7901234567901234,0.8679012345679012,0.8641975308641975,0.8604938271604938,0.11457953125756956,0.00011355822627843516,0.042702091247313716,0.006416278776303283
11,0.4101975831118497,0.002173120325261896,0.8170594837261503,0.8362516345356842,2,100,l1,saga,"{'AddPoly__degree': 2, 'LR__C': 100, 'LR__penalty': 'l1', 'LR__solver': 'saga'}",19,0.8170731707317073,0.8368355995055624,0.8375,0.8347718865598027,0.7530864197530864,0.8395061728395061,0.8271604938271605,0.837037037037037,0.8148148148148148,0.8395061728395061,0.8271604938271605,0.8320987654320988,0.8024691358024691,0.8407407407407408,0.7901234567901234,0.837037037037037,0.8148148148148148,0.8407407407407408,0.8271604938271605,0.8345679012345679,0.8765432098765432,0.825925925925926,0.02451665532136721,0.00022916634107829074,0.029073761009544802,0.004177364430459099
12,1.0435163541273638,0.002342635935003107,0.8148148148148148,0.8661072629144521,2,1000,l1,liblinear,"{'AddPoly__degree': 2, 'LR__C': 1000, 'LR__penalty': 'l1', 'LR__solver': 'liblinear'}",39,0.8048780487804879,0.8714462299134734,0.85,0.8557336621454994,0.7283950617283951,0.8691358024691358,0.8024691358024691,0.8679012345679012,0.8148148148148148,0.8777777777777778,0.8765432098765432,0.8555555555555555,0.8395061728395061,0.8604938271604938,0.7654320987654321,0.8716049382716049,0.8271604938271605,0.8666666666666667,0.7901234567901234,0.8679012345679012,0.8641975308641975,0.8629629629629629,0.09067848706870728,0.00042447661817738685,0.041563645975924504,0.006544942373199901
13,0.4340976151553067,0.0022102486003528943,0.8170594837261503,0.8358027007534171,2,1000,l1,saga,"{'AddPoly__degree': 2, 'LR__C': 1000, 'LR__penalty': 'l1', 'LR__solver': 'saga'}",19,0.8170731707317073,0.8368355995055624,0.8375,0.8347718865598027,0.7530864197530864,0.8395061728395061,0.8271604938271605,0.837037037037037,0.8148148148148148,0.8382716049382716,0.8271604938271605,0.8320987654320988,0.8024691358024691,0.8382716049382716,0.7901234567901234,0.837037037037037,0.8148148148148148,0.8395061728395061,0.8271604938271605,0.8345679012345679,0.8765432098765432,0.825925925925926,0.027105568727392827,0.0001204593899681934,0.029073761009544802,0.0037850611175340434
14,0.028078339316628197,0.01570428501475941,0.6161616161616161,0.6181822667057365,3,0.001,l1,liblinear,"{'AddPoly__degree': 3, 'LR__C': 0.001, 'LR__penalty': 'l1', 'LR__solver': 'liblinear'}",67,0.6097560975609756,0.6205191594561187,0.6125,0.6165228113440198,0.6172839506172839,0.6197530864197531,0.6172839506172839,0.6160493827160494,0.6172839506172839,0.6197530864197531,0.6172839506172839,0.6197530864197531,0.6172839506172839,0.6160493827160494,0.6172839506172839,0.6197530864197531,0.6172839506172839,0.6197530864197531,0.6172839506172839,0.6160493827160494,0.6172839506172839,0.6160493827160494,0.008257005228671226,0.008306131465181827,0.0024516384267728054,0.0018768689872398592
15,1.555008281360973,0.015529220754450018,0.6161616161616161,0.6178455663690361,3,0.001,l1,saga,"{'AddPoly__degree': 3, 'LR__C': 0.001, 'LR__penalty': 'l1', 'LR__solver': 'saga'}",67,0.6097560975609756,0.6205191594561187,0.6125,0.6165228113440198,0.6172839506172839,0.6197530864197531,0.6172839506172839,0.6160493827160494,0.6172839506172839,0.6197530864197531,0.6172839506172839,0.6197530864197531,0.6172839506172839,0.6160493827160494,0.6172839506172839,0.6197530864197531,0.6172839506172839,0.6160493827160494,0.6172839506172839,0.6160493827160494,0.6172839506172839,0.6160493827160494,0.6434991585496237,0.00705733672260821,0.0024516384267728054,0.001896975832580412
16,0.027560385790738193,0.011718359860506926,0.7441077441077442,0.7517403789468422,3,0.01,l1,liblinear,"{'AddPoly__degree': 3, 'LR__C': 0.01, 'LR__penalty': 'l1', 'LR__solver': 'liblinear'}",61,0.7439024390243902,0.7478368355995055,0.7125,0.7410604192355117,0.7283950617283951,0.7691358024691358,0.7530864197530864,0.7555555555555555,0.7777777777777778,0.7555555555555555,0.8395061728395061,0.7419753086419754,0.6790123456790124,0.7567901234567901,0.7160493827160493,0.7530864197530864,0.7037037037037037,0.7469135802469136,0.7654320987654321,0.7567901234567901,0.7654320987654321,0.7444444444444445,0.002840700207849813,0.0005804516638617437,0.04168651385831622,0.007895384174123322
17,1.7333842407573352,0.012140880931507458,0.7789001122334456,0.7907969380336102,3,0.01,l1,saga,"{'AddPoly__degree': 3, 'LR__C': 0.01, 'LR__penalty': 'l1', 'LR__solver': 'saga'}",60,0.7560975609756098,0.7911001236093943,0.7875,0.7903822441430333,0.7530864197530864,0.8,0.8148148148148148,0.7962962962962963,0.7901234567901234,0.7888888888888889,0.8271604938271605,0.7839506172839507,0.7530864197530864,0.7962962962962963,0.7407407407407407,0.7962962962962963,0.7160493827160493,0.7790123456790123,0.7901234567901234,0.7938271604938272,0.8395061728395061,0.782716049382716,0.060495258653988596,0.0013512135362149357,0.03678242865933097,0.006321402691247833
18,0.0879938385703347,0.012540925632823597,0.8114478114478114,0.8245792143865451,3,0.1,l1,liblinear,"{'AddPoly__degree': 3, 'LR__C': 0.1, 'LR__penalty': 'l1', 'LR__solver': 'liblinear'}",45,0.8170731707317073,0.8244746600741656,0.8375,0.8236744759556104,0.7777777777777778,0.8296296296296296,0.8024691358024691,0.825925925925926,0.8024691358024691,0.8222222222222222,0.8148148148148148,0.8197530864197531,0.8271604938271605,0.825925925925926,0.7901234567901234,0.8271604938271605,0.7530864197530864,0.8271604938271605,0.8148148148148148,0.825925925925926,0.8888888888888888,0.8185185185185185,0.01992072906399399,0.0007364286084041653,0.03320013620209209,0.003172066117496547
19,1.884761008349332,0.012273723428899591,0.8080808080808081,0.8177333880053539,3,0.1,l1,saga,"{'AddPoly__degree': 3, 'LR__C': 0.1, 'LR__penalty': 'l1', 'LR__solver': 'saga'}",48,0.8048780487804879,0.8195302843016069,0.8375,0.815043156596794,0.7901234567901234,0.8209876543209876,0.8148148148148148,0.8148148148148148,0.8024691358024691,0.8197530864197531,0.8148148148148148,0.8160493827160494,0.8148148148148148,0.817283950617284,0.7777777777777778,0.8197530864197531,0.7654320987654321,0.8135802469135802,0.8024691358024691,0.8234567901234567,0.8641975308641975,0.8148148148148148,0.14650563319889984,0.0007419936369184655,0.025713366660779138,0.003004462036331999
20,0.2796670523556796,0.012514201077547941,0.8282828282828283,0.8610553715794946,3,1,l1,liblinear,"{'AddPoly__degree': 3, 'LR__C': 1, 'LR__penalty': 'l1', 'LR__solver': 'liblinear'}",1,0.8170731707317073,0.8627935723114957,0.85,0.8594327990135635,0.7901234567901234,0.8617283950617284,0.7901234567901234,0.8654320987654321,0.8148148148148148,0.8629629629629629,0.8888888888888888,0.854320987654321,0.8641975308641975,0.8629629629629629,0.8148148148148148,0.8629629629629629,0.8271604938271605,0.8617283950617284,0.8024691358024691,0.8567901234567902,0.8518518518518519,0.8604938271604938,0.04368664776954304,0.0016593494388081069,0.030232637889542287,0.0030225224382214224
21,2.3548675667155874,0.013317845084450462,0.8159371492704826,0.8267122047766431,3,1,l1,saga,"{'AddPoly__degree': 3, 'LR__C': 1, 'LR__penalty': 'l1', 'LR__solver': 'saga'}",35,0.7926829268292683,0.8294190358467244,0.8375,0.8236744759556104,0.7777777777777778,0.8296296296296296,0.8271604938271605,0.828395061728395,0.8024691358024691,0.828395061728395,0.8271604938271605,0.8246913580246914,0.8271604938271605,0.8296296296296296,0.8024691358024691,0.825925925925926,0.7901234567901234,0.8308641975308642,0.8148148148148148,0.825925925925926,0.8765432098765432,0.817283950617284,0.17882745407589315,0.0029380345633418102,0.02618839950649237,0.0037012625880106123
22,1.5373921611092307,0.013765009966763582,0.813692480359147,0.8942770359710486,3,10,l1,liblinear,"{'AddPoly__degree': 3, 'LR__C': 10, 'LR__penalty': 'l1', 'LR__solver': 'liblinear'}",40,0.7804878048780488,0.9023485784919654,0.8625,0.8939580764488286,0.7901234567901234,0.891358024691358,0.7283950617283951,0.9,0.7654320987654321,0.8975308641975308,0.8765432098765432,0.8925925925925926,0.8641975308641975,0.8925925925925926,0.8024691358024691,0.8975308641975308,0.8395061728395061,0.8851851851851852,0.7777777777777778,0.8962962962962963,0.8641975308641975,0.8876543209876543,0.5089057136753036,0.0038742362760742707,0.04744666867592439,0.004898733509253998
23,2.7566584023562344,0.014194401827725496,0.8170594837261503,0.8277229987579087,3,10,l1,saga,"{'AddPoly__degree': 3, 'LR__C': 10, 'LR__penalty': 'l1', 'LR__solver': 'saga'}",19,0.7926829268292683,0.8331273176761433,0.8375,0.8212083847102343,0.7777777777777778,0.837037037037037,0.8271604938271605,0.8271604938271605,0.8024691358024691,0.8345679012345679,0.8395061728395061,0.8246913580246914,0.8271604938271605,0.825925925925926,0.8024691358024691,0.8271604938271605,0.7901234567901234,0.828395061728395,0.8148148148148148,0.8271604938271605,0.8765432098765432,0.8185185185185185,0.2602894754037291,0.003902661957569175,0.026900210178045506,0.005255253085713492
24,5.302658796310425,0.023049007762562145,0.8013468013468014,0.9195291511885503,3,100,l1,liblinear,"{'AddPoly__degree': 3, 'LR__C': 100, 'LR__penalty': 'l1', 'LR__solver': 'liblinear'}",56,0.7682926829268293,0.9208899876390606,0.8375,0.9161528976572133,0.8024691358024691,0.9222222222222223,0.7037037037037037,0.9345679012345679,0.7407407407407407,0.9197530864197531,0.8641975308641975,0.9185185185185185,0.8518518518518519,0.9185185185185185,0.7777777777777778,0.9222222222222223,0.8518518518518519,0.9160493827160494,0.7407407407407407,0.917283950617284,0.8765432098765432,0.908641975308642,1.2005718332855542,0.02074061062863222,0.0560359763708302,0.00596728540785683
25,3.1210354674946177,0.01661161942915483,0.8170594837261503,0.8279476043801245,3,100,l1,saga,"{'AddPoly__degree': 3, 'LR__C': 100, 'LR__penalty': 'l1', 'LR__solver': 'saga'}",19,0.7926829268292683,0.8343634116192831,0.8375,0.8212083847102343,0.7777777777777778,0.837037037037037,0.8271604938271605,0.8271604938271605,0.8024691358024691,0.8333333333333334,0.8395061728395061,0.8246913580246914,0.8271604938271605,0.825925925925926,0.8024691358024691,0.8271604938271605,0.7901234567901234,0.8296296296296296,0.8148148148148148,0.828395061728395,0.8765432098765432,0.8185185185185185,0.5132931025958822,0.0053596238135380884,0.026900210178045506,0.005274897879405329
26,12.927775036204945,0.02303732525218617,0.7878787878787878,0.9326611607122627,3,1000,l1,liblinear,"{'AddPoly__degree': 3, 'LR__C': 1000, 'LR__penalty': 'l1', 'LR__solver': 'liblinear'}",57,0.7804878048780488,0.9369592088998764,0.85,0.9260172626387176,0.7777777777777778,0.9333333333333333,0.7037037037037037,0.945679012345679,0.6790123456790124,0.9382716049382716,0.8271604938271605,0.9333333333333333,0.8024691358024691,0.9308641975308642,0.7901234567901234,0.9308641975308642,0.8395061728395061,0.9271604938271605,0.7654320987654321,0.9308641975308642,0.8518518518518519,0.9259259259259259,5.14299405085716,0.01567746444525717,0.053875988742447985,0.005638888763000124
27,3.274190989407626,0.021791349757801403,0.8170594837261503,0.8278353709345577,3,1000,l1,saga,"{'AddPoly__degree': 3, 'LR__C': 1000, 'LR__penalty': 'l1', 'LR__solver': 'saga'}",19,0.7926829268292683,0.8343634116192831,0.8375,0.8212083847102343,0.7777777777777778,0.837037037037037,0.8271604938271605,0.8271604938271605,0.8024691358024691,0.8333333333333334,0.8395061728395061,0.8246913580246914,0.8271604938271605,0.825925925925926,0.8024691358024691,0.8271604938271605,0.7901234567901234,0.8296296296296296,0.8148148148148148,0.8271604938271605,0.8765432098765432,0.8185185185185185,0.7238451463625951,0.01614569255290392,0.026900210178045506,0.005277316717926979
28,0.0393071174621582,0.002132003957575018,0.7418630751964085,0.7443333880748052,2,0.001,l2,newton-cg,"{'AddPoly__degree': 2, 'LR__C': 0.001, 'LR__penalty': 'l2', 'LR__solver': 'newton-cg'}",62,0.6463414634146342,0.7527812113720643,0.8375,0.7422934648581998,0.654320987654321,0.7518518518518519,0.7037037037037037,0.7469135802469136,0.7407407407407407,0.7469135802469136,0.7407407407407407,0.7419753086419754,0.7654320987654321,0.7432098765432099,0.691358024691358,0.745679012345679,0.8641975308641975,0.7358024691358025,0.7901234567901234,0.7407407407407407,0.7283950617283951,0.7395061728395061,0.004078260848001746,0.00011469017734006397,0.06604078039034798,0.004889583615274487
29,0.01464312726801092,0.0020093917846679688,0.7418630751964085,0.7443333880748052,2,0.001,l2,lbfgs,"{'AddPoly__degree': 2, 'LR__C': 0.001, 'LR__penalty': 'l2', 'LR__solver': 'lbfgs'}",62,0.6463414634146342,0.7527812113720643,0.8375,0.7422934648581998,0.654320987654321,0.7518518518518519,0.7037037037037037,0.7469135802469136,0.7407407407407407,0.7469135802469136,0.7407407407407407,0.7419753086419754,0.7654320987654321,0.7432098765432099,0.691358024691358,0.745679012345679,0.8641975308641975,0.7358024691358025,0.7901234567901234,0.7407407407407407,0.7283950617283951,0.7395061728395061,0.00036969130515952304,2.6145725371847634e-05,0.06604078039034798,0.004889583615274487
30,0.11505135622891513,0.0022603165019642224,0.7418630751964085,0.7445577165769799,2,0.001,l2,sag,"{'AddPoly__degree': 2, 'LR__C': 0.001, 'LR__penalty': 'l2', 'LR__solver': 'sag'}",62,0.6463414634146342,0.7527812113720643,0.8375,0.7435265104808878,0.654320987654321,0.7518518518518519,0.7037037037037037,0.7469135802469136,0.7407407407407407,0.745679012345679,0.7407407407407407,0.7419753086419754,0.7654320987654321,0.7432098765432099,0.691358024691358,0.745679012345679,0.8641975308641975,0.737037037037037,0.7901234567901234,0.7395061728395061,0.7283950617283951,0.7419753086419754,0.027702670367297247,0.0002121545984597091,0.06604078039034798,0.004544641332132079
31,0.0473495830189098,0.00204688852483576,0.8069584736251403,0.8169481693953863,2,0.01,l2,newton-cg,"{'AddPoly__degree': 2, 'LR__C': 0.01, 'LR__penalty': 'l2', 'LR__solver': 'newton-cg'}",49,0.7317073170731707,0.8207663782447466,0.85,0.812577065351418,0.7283950617283951,0.8246913580246914,0.8271604938271605,0.817283950617284,0.8271604938271605,0.808641975308642,0.8518518518518519,0.8185185185185185,0.8024691358024691,0.8123456790123457,0.7777777777777778,0.8111111111111111,0.8024691358024691,0.8209876543209876,0.8395061728395061,0.8222222222222222,0.8395061728395061,0.817283950617284,0.003702792398297417,2.8239743282766968e-05,0.04218653783124657,0.00490559822120789
32,0.022987907583063297,0.002062234011563388,0.8069584736251403,0.8169481693953863,2,0.01,l2,lbfgs,"{'AddPoly__degree': 2, 'LR__C': 0.01, 'LR__penalty': 'l2', 'LR__solver': 'lbfgs'}",49,0.7317073170731707,0.8207663782447466,0.85,0.812577065351418,0.7283950617283951,0.8246913580246914,0.8271604938271605,0.817283950617284,0.8271604938271605,0.808641975308642,0.8518518518518519,0.8185185185185185,0.8024691358024691,0.8123456790123457,0.7777777777777778,0.8111111111111111,0.8024691358024691,0.8209876543209876,0.8395061728395061,0.8222222222222222,0.8395061728395061,0.817283950617284,0.0015508897217041588,0.00010140700351611645,0.04218653783124657,0.00490559822120789
33,0.18822878057306464,0.0020777745680375533,0.8035914702581369,0.8163871405565114,2,0.01,l2,sag,"{'AddPoly__degree': 2, 'LR__C': 0.01, 'LR__penalty': 'l2', 'LR__solver': 'sag'}",54,0.7195121951219512,0.8207663782447466,0.85,0.8113440197287299,0.7283950617283951,0.825925925925926,0.8271604938271605,0.8185185185185185,0.8271604938271605,0.8098765432098766,0.8518518518518519,0.8160493827160494,0.8148148148148148,0.8111111111111111,0.7777777777777778,0.8111111111111111,0.7777777777777778,0.8197530864197531,0.8271604938271605,0.8185185185185185,0.8395061728395061,0.817283950617284,0.014108540059649687,0.00013768201702021662,0.04439732372351997,0.004814689192243028
34,0.06535042415965688,0.0022308392958207564,0.8237934904601572,0.835915350050107,2,0.1,l2,newton-cg,"{'AddPoly__degree': 2, 'LR__C': 0.1, 'LR__penalty': 'l2', 'LR__solver': 'newton-cg'}",7,0.8048780487804879,0.8393077873918418,0.8375,0.8335388409371147,0.7777777777777778,0.8395061728395061,0.8271604938271605,0.8395061728395061,0.8024691358024691,0.837037037037037,0.8518518518518519,0.8345679012345679,0.8148148148148148,0.8382716049382716,0.8148148148148148,0.837037037037037,0.8024691358024691,0.8345679012345679,0.8395061728395061,0.8333333333333334,0.8888888888888888,0.828395061728395,0.0052040085572479045,0.00010483902384832866,0.028633742131608218,0.0032733847810253835
35,0.050707188519564544,0.002243193713101474,0.8249158249158249,0.835915350050107,2,0.1,l2,lbfgs,"{'AddPoly__degree': 2, 'LR__C': 0.1, 'LR__penalty': 'l2', 'LR__solver': 'lbfgs'}",5,0.8048780487804879,0.8393077873918418,0.8375,0.8335388409371147,0.7777777777777778,0.8395061728395061,0.8271604938271605,0.8395061728395061,0.8024691358024691,0.837037037037037,0.8518518518518519,0.8345679012345679,0.8271604938271605,0.8382716049382716,0.8148148148148148,0.837037037037037,0.8024691358024691,0.8345679012345679,0.8395061728395061,0.8333333333333334,0.8888888888888888,0.828395061728395,0.003989470504516904,5.795201486560456e-05,0.02850146278135845,0.0032733847810253835
36,0.197564883665605,0.003283457322554155,0.8226711560044894,0.8355780958154481,2,0.1,l2,sag,"{'AddPoly__degree': 2, 'LR__C': 0.1, 'LR__penalty': 'l2', 'LR__solver': 'sag'}",9,0.8170731707317073,0.8380716934487021,0.8375,0.8372379778051788,0.7654320987654321,0.837037037037037,0.8271604938271605,0.8395061728395061,0.8024691358024691,0.8345679012345679,0.8518518518518519,0.8333333333333334,0.8148148148148148,0.8395061728395061,0.8148148148148148,0.837037037037037,0.8024691358024691,0.8345679012345679,0.8395061728395061,0.8333333333333334,0.8765432098765432,0.8271604938271605,0.026724141883120823,0.0035775200810717993,0.02783422425610058,0.0033987265153061093
37,0.12009475447914818,0.0022672739895907316,0.8159371492704826,0.8432099714824832,2,1,l2,newton-cg,"{'AddPoly__degree': 2, 'LR__C': 1, 'LR__penalty': 'l2', 'LR__solver': 'newton-cg'}",35,0.8170731707317073,0.8430160692212608,0.85,0.842170160295931,0.7530864197530864,0.8506172839506173,0.8148148148148148,0.8493827160493828,0.8024691358024691,0.8444444444444444,0.8518518518518519,0.837037037037037,0.8271604938271605,0.8432098765432099,0.7901234567901234,0.8432098765432099,0.8024691358024691,0.8444444444444444,0.8024691358024691,0.845679012345679,0.8641975308641975,0.8320987654320988,0.01683684563974029,0.00020354284039244362,0.03023263788954228,0.004906377002812564
38,0.0648049224506725,0.0021571029316295276,0.8125701459034792,0.8432099714824832,2,1,l2,lbfgs,"{'AddPoly__degree': 2, 'LR__C': 1, 'LR__penalty': 'l2', 'LR__solver': 'lbfgs'}",41,0.8170731707317073,0.8430160692212608,0.85,0.842170160295931,0.7530864197530864,0.8506172839506173,0.8148148148148148,0.8481481481481481,0.8024691358024691,0.8444444444444444,0.8518518518518519,0.8395061728395061,0.8271604938271605,0.8432098765432099,0.7654320987654321,0.8444444444444444,0.8024691358024691,0.8432098765432099,0.8024691358024691,0.8444444444444444,0.8518518518518519,0.8320987654320988,0.006780084501705482,0.00013173293339019518,0.03129717869936365,0.0044936466964104185
39,0.1959610418839888,0.0022045048800381746,0.8170594837261503,0.835690190187809,2,1,l2,sag,"{'AddPoly__degree': 2, 'LR__C': 1, 'LR__penalty': 'l2', 'LR__solver': 'sag'}",19,0.8170731707317073,0.8355995055624228,0.8375,0.8360049321824907,0.7530864197530864,0.837037037037037,0.8271604938271605,0.837037037037037,0.8148148148148148,0.8382716049382716,0.8271604938271605,0.8333333333333334,0.8024691358024691,0.8395061728395061,0.7901234567901234,0.8358024691358025,0.8148148148148148,0.8382716049382716,0.8271604938271605,0.8345679012345679,0.8765432098765432,0.8271604938271605,0.013655235291158656,0.00015401086192671324,0.029073761009544802,0.0031795803069958203
40,0.20901209657842462,0.00229003212668679,0.8260381593714927,0.8595968893165911,2,10,l2,newton-cg,"{'AddPoly__degree': 2, 'LR__C': 10, 'LR__penalty': 'l2', 'LR__solver': 'newton-cg'}",4,0.7926829268292683,0.8590852904820766,0.875,0.8508014796547472,0.7654320987654321,0.8617283950617284,0.8024691358024691,0.8666666666666667,0.8024691358024691,0.8641975308641975,0.8888888888888888,0.8555555555555555,0.8641975308641975,0.8629629629629629,0.7777777777777778,0.8617283950617284,0.8024691358024691,0.8604938271604938,0.8271604938271605,0.8617283950617284,0.8888888888888888,0.8506172839506173,0.0235968924374202,2.684598485414156e-05,0.043191386241871965,0.004968072696788537
41,0.059797937219793144,0.0022072575309059835,0.8249158249158249,0.8530866551340595,2,10,l2,lbfgs,"{'AddPoly__degree': 2, 'LR__C': 10, 'LR__penalty': 'l2', 'LR__solver': 'lbfgs'}",5,0.8170731707317073,0.8504326328800988,0.8625,0.8483353884093712,0.7654320987654321,0.8555555555555555,0.8024691358024691,0.8580246913580247,0.8024691358024691,0.8567901234567902,0.8888888888888888,0.8407407407407408,0.8395061728395061,0.8530864197530864,0.7901234567901234,0.8592592592592593,0.8024691358024691,0.8555555555555555,0.8271604938271605,0.8555555555555555,0.8765432098765432,0.8506172839506173,0.004394791454165969,0.0001544930134178842,0.03654839674061988,0.005068845079545036
42,0.2194809913635254,0.002256003293124112,0.8170594837261503,0.8359149341989838,2,10,l2,sag,"{'AddPoly__degree': 2, 'LR__C': 10, 'LR__penalty': 'l2', 'LR__solver': 'sag'}",19,0.8170731707317073,0.8368355995055624,0.8375,0.8347718865598027,0.7530864197530864,0.8395061728395061,0.8271604938271605,0.8382716049382716,0.8148148148148148,0.8382716049382716,0.8271604938271605,0.8320987654320988,0.8024691358024691,0.8382716049382716,0.7901234567901234,0.837037037037037,0.8148148148148148,0.8395061728395061,0.8271604938271605,0.8333333333333334,0.8765432098765432,0.8271604938271605,0.025886626639949267,0.00015215678276150218,0.029073761009544802,0.0036148307073226938
43,0.34767590869556775,0.0022666454315185547,0.819304152637486,0.864760046742898,2,100,l2,newton-cg,"{'AddPoly__degree': 2, 'LR__C': 100, 'LR__penalty': 'l2', 'LR__solver': 'newton-cg'}",14,0.8048780487804879,0.8726823238566132,0.85,0.8606658446362515,0.7283950617283951,0.8703703703703703,0.8024691358024691,0.8679012345679012,0.8148148148148148,0.8679012345679012,0.8765432098765432,0.8530864197530864,0.8641975308641975,0.8629629629629629,0.7654320987654321,0.8666666666666667,0.8271604938271605,0.8641975308641975,0.8024691358024691,0.8679012345679012,0.8765432098765432,0.8580246913580247,0.07169130959950414,0.00015967832415782288,0.04423562104843769,0.005472423367417188
44,0.0678107738494873,0.0022191351110284977,0.8159371492704826,0.8551069972538379,2,100,l2,lbfgs,"{'AddPoly__degree': 2, 'LR__C': 100, 'LR__penalty': 'l2', 'LR__solver': 'lbfgs'}",35,0.8048780487804879,0.8566131025957973,0.875,0.8532675709001233,0.7283950617283951,0.8555555555555555,0.8024691358024691,0.8555555555555555,0.8024691358024691,0.8604938271604938,0.8641975308641975,0.8469135802469135,0.8518518518518519,0.854320987654321,0.7777777777777778,0.8592592592592593,0.8024691358024691,0.8580246913580247,0.8024691358024691,0.8518518518518519,0.8641975308641975,0.854320987654321,0.004865233605838295,6.469197125560355e-05,0.041955025747463466,0.0035648547442154177
45,0.233258225701072,0.0025810111652721057,0.8170594837261503,0.8358027007534171,2,100,l2,sag,"{'AddPoly__degree': 2, 'LR__C': 100, 'LR__penalty': 'l2', 'LR__solver': 'sag'}",19,0.8170731707317073,0.8368355995055624,0.8375,0.8347718865598027,0.7530864197530864,0.8395061728395061,0.8271604938271605,0.837037037037037,0.8148148148148148,0.8382716049382716,0.8271604938271605,0.8320987654320988,0.8024691358024691,0.8395061728395061,0.7901234567901234,0.837037037037037,0.8148148148148148,0.8395061728395061,0.8271604938271605,0.8333333333333334,0.8765432098765432,0.825925925925926,0.03155562228813945,0.00043100095880454196,0.029073761009544802,0.003928761400009123
46,1.0204779668287798,0.0024711435491388493,0.8125701459034792,0.8658823801721951,2,1000,l2,newton-cg,"{'AddPoly__degree': 2, 'LR__C': 1000, 'LR__penalty': 'l2', 'LR__solver': 'newton-cg'}",41,0.7804878048780488,0.8689740420271941,0.85,0.8569667077681874,0.7283950617283951,0.8703703703703703,0.8024691358024691,0.8691358024691358,0.8024691358024691,0.8728395061728395,0.8641975308641975,0.8555555555555555,0.8518518518518519,0.8617283950617284,0.7654320987654321,0.8716049382716049,0.8271604938271605,0.8679012345679012,0.8024691358024691,0.8679012345679012,0.8641975308641975,0.8617283950617284,0.24973185318835484,0.0001663003993217342,0.041697958757067256,0.0056426115076851245
47,0.079686316576871,0.0023433945395729757,0.8114478114478114,0.857913111539419,2,1000,l2,lbfgs,"{'AddPoly__degree': 2, 'LR__C': 1000, 'LR__penalty': 'l2', 'LR__solver': 'lbfgs'}",45,0.8048780487804879,0.861557478368356,0.8625,0.8557336621454994,0.7283950617283951,0.8530864197530864,0.8024691358024691,0.8592592592592593,0.8024691358024691,0.8641975308641975,0.8518518518518519,0.8555555555555555,0.8395061728395061,0.8592592592592593,0.7407407407407407,0.8679012345679012,0.8148148148148148,0.8567901234567902,0.8024691358024691,0.8506172839506173,0.8765432098765432,0.8530864197530864,0.007908461863409528,8.297212283073192e-05,0.04413352508582216,0.0049318477484270925
48,0.2145727981220592,0.0024232430891557174,0.8170594837261503,0.8355778180111599,2,1000,l2,sag,"{'AddPoly__degree': 2, 'LR__C': 1000, 'LR__penalty': 'l2', 'LR__solver': 'sag'}",19,0.8170731707317073,0.8343634116192831,0.8375,0.8360049321824907,0.7530864197530864,0.8382716049382716,0.8271604938271605,0.837037037037037,0.8148148148148148,0.8382716049382716,0.8271604938271605,0.8320987654320988,0.8024691358024691,0.8395061728395061,0.7901234567901234,0.837037037037037,0.8148148148148148,0.8395061728395061,0.8271604938271605,0.8333333333333334,0.8765432098765432,0.825925925925926,0.02781083784510623,0.00022145220471624381,0.029073761009544802,0.0038327928128070077
49,1.0038102756847034,0.015298474918712269,0.7845117845117845,0.7986525889891084,3,0.001,l2,newton-cg,"{'AddPoly__degree': 3, 'LR__C': 0.001, 'LR__penalty': 'l2', 'LR__solver': 'newton-cg'}",58,0.7439024390243902,0.7972805933250927,0.8625,0.8027127003699137,0.6790123456790124,0.8012345679012346,0.7654320987654321,0.7913580246913581,0.7777777777777778,0.7975308641975308,0.7901234567901234,0.7901234567901234,0.8148148148148148,0.7975308641975308,0.7283950617283951,0.8061728395061728,0.8271604938271605,0.8148148148148148,0.8148148148148148,0.7950617283950617,0.8271604938271605,0.7913580246913581,0.14606264447198877,0.0030376458565341932,0.05033615560008683,0.006989495030450216
50,0.35092048211531207,0.018200029026378284,0.7845117845117845,0.7987648224346752,3,0.001,l2,lbfgs,"{'AddPoly__degree': 3, 'LR__C': 0.001, 'LR__penalty': 'l2', 'LR__solver': 'lbfgs'}",58,0.7439024390243902,0.7972805933250927,0.8625,0.8027127003699137,0.6790123456790124,0.8012345679012346,0.7654320987654321,0.7913580246913581,0.7777777777777778,0.7975308641975308,0.7901234567901234,0.7901234567901234,0.8148148148148148,0.7975308641975308,0.7283950617283951,0.8074074074074075,0.8271604938271605,0.8148148148148148,0.8148148148148148,0.7950617283950617,0.8271604938271605,0.7913580246913581,0.06632994055900021,0.008691858544983043,0.05033615560008683,0.007118079200025616
51,1.2903326207941228,0.013079903342507103,0.8035914702581369,0.8163858933452648,3,0.001,l2,sag,"{'AddPoly__degree': 3, 'LR__C': 0.001, 'LR__penalty': 'l2', 'LR__solver': 'sag'}",54,0.7804878048780488,0.8145859085290482,0.85,0.8162762022194822,0.691358024691358,0.817283950617284,0.8024691358024691,0.8209876543209876,0.8395061728395061,0.8123456790123457,0.8148148148148148,0.8135802469135802,0.8395061728395061,0.8135802469135802,0.7777777777777778,0.8197530864197531,0.8024691358024691,0.8246913580246914,0.7901234567901234,0.8160493827160494,0.8518518518518519,0.8111111111111111,0.09500700363582781,0.0013829346523351333,0.043847764145295176,0.0038795105577165367
52,1.7285112250934949,0.019208344546231357,0.8271604938271605,0.835915350050107,3,0.01,l2,newton-cg,"{'AddPoly__degree': 3, 'LR__C': 0.01, 'LR__penalty': 'l2', 'LR__solver': 'newton-cg'}",2,0.8292682926829268,0.8393077873918418,0.8375,0.8335388409371147,0.7901234567901234,0.8481481481481481,0.8148148148148148,0.8358024691358025,0.8148148148148148,0.8395061728395061,0.8395061728395061,0.8320987654320988,0.8271604938271605,0.8382716049382716,0.8148148148148148,0.837037037037037,0.8148148148148148,0.8296296296296296,0.8395061728395061,0.8345679012345679,0.8765432098765432,0.8271604938271605,0.2977997744284452,0.014592260590461191,0.020965280243218094,0.005385623711117703
53,0.7870204015211626,0.013194300911643288,0.8271604938271605,0.835915350050107,3,0.01,l2,lbfgs,"{'AddPoly__degree': 3, 'LR__C': 0.01, 'LR__penalty': 'l2', 'LR__solver': 'lbfgs'}",2,0.8292682926829268,0.8393077873918418,0.8375,0.8335388409371147,0.7901234567901234,0.8481481481481481,0.8148148148148148,0.8358024691358025,0.8148148148148148,0.8395061728395061,0.8395061728395061,0.8320987654320988,0.8271604938271605,0.8382716049382716,0.8148148148148148,0.837037037037037,0.8148148148148148,0.8296296296296296,0.8395061728395061,0.8345679012345679,0.8765432098765432,0.8271604938271605,0.1650202579782338,0.0007955706463750871,0.020965280243218094,0.005385623711117703
54,1.3037410432642156,0.013414621353149414,0.8181818181818182,0.828171239911135,3,0.01,l2,sag,"{'AddPoly__degree': 3, 'LR__C': 0.01, 'LR__penalty': 'l2', 'LR__solver': 'sag'}",17,0.8292682926829268,0.830655129789864,0.8375,0.8249075215782984,0.8024691358024691,0.8345679012345679,0.8148148148148148,0.8296296296296296,0.8024691358024691,0.8320987654320988,0.8148148148148148,0.8222222222222222,0.8271604938271605,0.8296296296296296,0.7901234567901234,0.8333333333333334,0.7777777777777778,0.8246913580246914,0.8271604938271605,0.825925925925926,0.8765432098765432,0.8222222222222222,0.14015479735059808,0.0014334790486627811,0.0252199519828213,0.004177841379268015
55,3.056944413618608,0.018328970128839665,0.8204264870931538,0.8519644590673507,3,0.1,l2,newton-cg,"{'AddPoly__degree': 3, 'LR__C': 0.1, 'LR__penalty': 'l2', 'LR__solver': 'newton-cg'}",12,0.8292682926829268,0.8504326328800988,0.8625,0.8471023427866831,0.7901234567901234,0.8641975308641975,0.7901234567901234,0.8604938271604938,0.7901234567901234,0.854320987654321,0.8641975308641975,0.8493827160493828,0.8395061728395061,0.8481481481481481,0.7777777777777778,0.8469135802469135,0.8024691358024691,0.8518518518518519,0.8024691358024691,0.8518518518518519,0.8765432098765432,0.8469135802469135,0.5244287648624999,0.007824561309525012,0.03367648305372331,0.0054457305992970766
56,0.9900160486047919,0.017776749350807884,0.8237934904601572,0.8515151094339601,3,0.1,l2,lbfgs,"{'AddPoly__degree': 3, 'LR__C': 0.1, 'LR__penalty': 'l2', 'LR__solver': 'lbfgs'}",7,0.8292682926829268,0.8479604449938195,0.8625,0.8483353884093712,0.7901234567901234,0.8641975308641975,0.8024691358024691,0.8629629629629629,0.7901234567901234,0.8530864197530864,0.8765432098765432,0.8493827160493828,0.8395061728395061,0.8469135802469135,0.8024691358024691,0.8444444444444444,0.7901234567901234,0.8518518518518519,0.8024691358024691,0.8530864197530864,0.8765432098765432,0.8444444444444444,0.19320337811322966,0.008268276744036475,0.033148691395243624,0.0063632798555433995
57,1.3190502253445713,0.015481753782792524,0.8170594837261503,0.828172071271258,3,0.1,l2,sag,"{'AddPoly__degree': 3, 'LR__C': 0.1, 'LR__penalty': 'l2', 'LR__solver': 'sag'}",19,0.7926829268292683,0.8343634116192831,0.8375,0.8212083847102343,0.7777777777777778,0.8358024691358025,0.8271604938271605,0.828395061728395,0.8024691358024691,0.8333333333333334,0.8395061728395061,0.825925925925926,0.8271604938271605,0.825925925925926,0.8024691358024691,0.828395061728395,0.7901234567901234,0.828395061728395,0.8148148148148148,0.828395061728395,0.8765432098765432,0.8197530864197531,0.08580567249744853,0.006174813405466968,0.026900210178045506,0.004794464290867206
58,6.0235811363567,0.0155155441977761,0.8204264870931538,0.8775535541364582,3,1,l2,newton-cg,"{'AddPoly__degree': 3, 'LR__C': 1, 'LR__penalty': 'l2', 'LR__solver': 'newton-cg'}",12,0.8292682926829268,0.8788627935723115,0.875,0.8766954377311961,0.7777777777777778,0.8790123456790123,0.7777777777777778,0.8790123456790123,0.8024691358024691,0.8827160493827161,0.8641975308641975,0.8691358024691358,0.8518518518518519,0.8790123456790123,0.8024691358024691,0.8827160493827161,0.8148148148148148,0.8728395061728395,0.7777777777777778,0.8777777777777778,0.8518518518518519,0.8753086419753087,0.6524521565232132,0.0021354288546874623,0.03443678613937679,0.003817520643310702
59,1.0754470825195312,0.017901268872347744,0.8170594837261503,0.8685747377072924,3,1,l2,lbfgs,"{'AddPoly__degree': 3, 'LR__C': 1, 'LR__penalty': 'l2', 'LR__solver': 'lbfgs'}",19,0.8170731707317073,0.8702101359703337,0.8875,0.8692971639950678,0.7777777777777778,0.8703703703703703,0.7901234567901234,0.8691358024691358,0.7901234567901234,0.8790123456790123,0.8271604938271605,0.8604938271604938,0.8641975308641975,0.8679012345679012,0.7901234567901234,0.8740740740740741,0.8148148148148148,0.8641975308641975,0.7777777777777778,0.8679012345679012,0.8518518518518519,0.8617283950617284,0.1560405702885183,0.006638428970891345,0.0352947790506988,0.005028668301798533
60,1.3249012556943027,0.014911651611328125,0.8170594837261503,0.8282843047168247,3,1,l2,sag,"{'AddPoly__degree': 3, 'LR__C': 1, 'LR__penalty': 'l2', 'LR__solver': 'sag'}",19,0.7926829268292683,0.8343634116192831,0.8375,0.8212083847102343,0.7777777777777778,0.837037037037037,0.8271604938271605,0.8308641975308642,0.8024691358024691,0.8333333333333334,0.8395061728395061,0.8246913580246914,0.8271604938271605,0.825925925925926,0.8024691358024691,0.8271604938271605,0.7901234567901234,0.8296296296296296,0.8148148148148148,0.8271604938271605,0.8765432098765432,0.8197530864197531,0.11422262760776263,0.005053017238300128,0.026900210178045506,0.005146682494413803
61,10.790697401220148,0.018942832946777344,0.8159371492704826,0.8930417747565259,3,10,l2,newton-cg,"{'AddPoly__degree': 3, 'LR__C': 10, 'LR__penalty': 'l2', 'LR__solver': 'newton-cg'}",35,0.8048780487804879,0.8974042027194067,0.8625,0.8951911220715166,0.7777777777777778,0.8925925925925926,0.7901234567901234,0.8987654320987655,0.7530864197530864,0.8975308641975308,0.8765432098765432,0.8925925925925926,0.8641975308641975,0.8901234567901235,0.7901234567901234,0.8925925925925926,0.8518518518518519,0.8851851851851852,0.7654320987654321,0.8962962962962963,0.8395061728395061,0.8851851851851852,0.8970209743687299,0.012145129629925495,0.04199834973502583,0.00446937490476261
62,1.4702051336115056,0.024136478250676937,0.8125701459034792,0.8709308093883187,3,10,l2,lbfgs,"{'AddPoly__degree': 3, 'LR__C': 10, 'LR__penalty': 'l2', 'LR__solver': 'lbfgs'}",41,0.7926829268292683,0.8689740420271941,0.8875,0.8754623921085081,0.7530864197530864,0.8740740740740741,0.7777777777777778,0.8740740740740741,0.7777777777777778,0.8790123456790123,0.8271604938271605,0.8629629629629629,0.8641975308641975,0.8654320987654321,0.7901234567901234,0.8802469135802469,0.8395061728395061,0.8654320987654321,0.7777777777777778,0.8728395061728395,0.8518518518518519,0.8617283950617284,0.22187992193896322,0.019166398462423382,0.04130387821810067,0.006094044774857109
63,1.5768425898118452,0.015470678156072443,0.8170594837261503,0.8279476043801245,3,10,l2,sag,"{'AddPoly__degree': 3, 'LR__C': 10, 'LR__penalty': 'l2', 'LR__solver': 'sag'}",19,0.7926829268292683,0.8343634116192831,0.8375,0.8212083847102343,0.7777777777777778,0.837037037037037,0.8271604938271605,0.8308641975308642,0.8024691358024691,0.8333333333333334,0.8395061728395061,0.8246913580246914,0.8271604938271605,0.825925925925926,0.8024691358024691,0.8271604938271605,0.7901234567901234,0.8271604938271605,0.8148148148148148,0.8271604938271605,0.8765432098765432,0.8185185185185185,0.15489475265603211,0.0032332198719430254,0.026900210178045506,0.005327174380055681
64,32.48399329185486,0.029027115214954723,0.8181818181818182,0.9035919981547091,3,100,l2,newton-cg,"{'AddPoly__degree': 3, 'LR__C': 100, 'LR__penalty': 'l2', 'LR__solver': 'newton-cg'}",17,0.7682926829268293,0.907292954264524,0.85,0.9025893958076449,0.8148148148148148,0.9012345679012346,0.7654320987654321,0.9074074074074074,0.7530864197530864,0.9111111111111111,0.8888888888888888,0.9012345679012346,0.8765432098765432,0.9074074074074074,0.7777777777777778,0.9049382716049382,0.8518518518518519,0.8938271604938272,0.7654320987654321,0.9049382716049382,0.8888888888888888,0.8975308641975308,5.580591943419895,0.03435135052470269,0.05179027116026553,0.004740380703652931
65,1.5491744604977695,0.02465885335748846,0.8125701459034792,0.8704821527260923,3,100,l2,lbfgs,"{'AddPoly__degree': 3, 'LR__C': 100, 'LR__penalty': 'l2', 'LR__solver': 'lbfgs'}",41,0.8048780487804879,0.8702101359703337,0.8875,0.87422934648582,0.7654320987654321,0.8728395061728395,0.7901234567901234,0.8716049382716049,0.7777777777777778,0.8839506172839506,0.8395061728395061,0.8617283950617284,0.8518518518518519,0.8629629629629629,0.7530864197530864,0.8790123456790123,0.8395061728395061,0.8654320987654321,0.7777777777777778,0.8679012345679012,0.8518518518518519,0.8654320987654321,0.23128870677315685,0.012016060513037665,0.041371325133536745,0.006508251145441796
66,1.9516224644400857,0.02170660279013894,0.8170594837261503,0.8282843047168247,3,100,l2,sag,"{'AddPoly__degree': 3, 'LR__C': 100, 'LR__penalty': 'l2', 'LR__solver': 'sag'}",19,0.7926829268292683,0.8343634116192831,0.8375,0.8212083847102343,0.7777777777777778,0.837037037037037,0.8271604938271605,0.8320987654320988,0.8024691358024691,0.8333333333333334,0.8395061728395061,0.8246913580246914,0.8271604938271605,0.825925925925926,0.8024691358024691,0.8271604938271605,0.7901234567901234,0.828395061728395,0.8148148148148148,0.8271604938271605,0.8765432098765432,0.8197530864197531,0.26457856732248525,0.0077150535428123675,0.026900210178045506,0.005200248064820788
67,79.0521651614796,0.011431455612182617,0.8058361391694725,0.9172844812508442,3,1000,l2,newton-cg,"{'AddPoly__degree': 3, 'LR__C': 1000, 'LR__penalty': 'l2', 'LR__solver': 'newton-cg'}",51,0.7560975609756098,0.9171817058096415,0.8375,0.9124537607891492,0.8024691358024691,0.9185185185185185,0.7283950617283951,0.9259259259259259,0.7654320987654321,0.9222222222222223,0.8641975308641975,0.9197530864197531,0.8395061728395061,0.9135802469135802,0.7777777777777778,0.9197530864197531,0.8641975308641975,0.9123456790123456,0.7530864197530864,0.9197530864197531,0.8765432098765432,0.908641975308642,4.915431579385813,0.003978573038002529,0.05013681651215126,0.0048148745466385125
68,1.7787720506841487,0.030684146014126865,0.8114478114478114,0.8694717732274565,3,1000,l2,lbfgs,"{'AddPoly__degree': 3, 'LR__C': 1000, 'LR__penalty': 'l2', 'LR__solver': 'lbfgs'}",45,0.8048780487804879,0.8640296662546354,0.875,0.8705302096177558,0.7654320987654321,0.8777777777777778,0.7901234567901234,0.8740740740740741,0.7901234567901234,0.8777777777777778,0.8395061728395061,0.8604938271604938,0.8641975308641975,0.8654320987654321,0.7407407407407407,0.8740740740740741,0.8271604938271605,0.8679012345679012,0.7777777777777778,0.8728395061728395,0.8518518518518519,0.8592592592592593,0.3415215559560782,0.01938708127662404,0.04116701573700249,0.006223888940679428
69,1.8684903274882922,0.021808906034989792,0.8170594837261503,0.828172071271258,3,1000,l2,sag,"{'AddPoly__degree': 3, 'LR__C': 1000, 'LR__penalty': 'l2', 'LR__solver': 'sag'}",19,0.7926829268292683,0.8343634116192831,0.8375,0.8212083847102343,0.7777777777777778,0.837037037037037,0.8271604938271605,0.8320987654320988,0.8024691358024691,0.8333333333333334,0.8395061728395061,0.8246913580246914,0.8271604938271605,0.8246913580246914,0.8024691358024691,0.8271604938271605,0.7901234567901234,0.828395061728395,0.8148148148148148,0.8271604938271605,0.8765432098765432,0.8197530864197531,0.17421182173814426,0.005162984167404797,0.026900210178045506,0.005262881468741116
