,mean_fit_time,mean_score_time,mean_test_score,mean_train_score,param_C,param_decision_function_shape,param_degree,param_kernel,params,rank_test_score,split0_test_score,split0_train_score,split1_test_score,split1_train_score,split2_test_score,split2_train_score,split3_test_score,split3_train_score,split4_test_score,split4_train_score,split5_test_score,split5_train_score,split6_test_score,split6_train_score,split7_test_score,split7_train_score,split8_test_score,split8_train_score,split9_test_score,split9_train_score,std_fit_time,std_score_time,std_test_score,std_train_score
0,0.0389552116394043,0.0035745859146118163,0.6161616161616161,0.616161723169715,0.001,ovo,2,poly,"{'C': 0.001, 'decision_function_shape': 'ovo', 'degree': 2, 'kernel': 'poly'}",75,0.6111111111111112,0.616729088639201,0.6111111111111112,0.616729088639201,0.6179775280898876,0.6159600997506235,0.6179775280898876,0.6159600997506235,0.6179775280898876,0.6159600997506235,0.6179775280898876,0.6159600997506235,0.6179775280898876,0.6159600997506235,0.6179775280898876,0.6159600997506235,0.6179775280898876,0.6159600997506235,0.6136363636363636,0.6164383561643836,0.007579598795422193,0.000696256805454873,0.0028440380993940604,0.00031700110213568454
1,0.027475547790527344,0.002513694763183594,0.6161616161616161,0.616161723169715,0.001,ovo,3,poly,"{'C': 0.001, 'decision_function_shape': 'ovo', 'degree': 3, 'kernel': 'poly'}",75,0.6111111111111112,0.616729088639201,0.6111111111111112,0.616729088639201,0.6179775280898876,0.6159600997506235,0.6179775280898876,0.6159600997506235,0.6179775280898876,0.6159600997506235,0.6179775280898876,0.6159600997506235,0.6179775280898876,0.6159600997506235,0.6179775280898876,0.6159600997506235,0.6179775280898876,0.6159600997506235,0.6136363636363636,0.6164383561643836,0.006994712078712656,0.0010414269423598274,0.0028440380993940604,0.00031700110213568454
2,0.026350808143615723,0.0024851560592651367,0.6161616161616161,0.616161723169715,0.001,ovo,4,poly,"{'C': 0.001, 'decision_function_shape': 'ovo', 'degree': 4, 'kernel': 'poly'}",75,0.6111111111111112,0.616729088639201,0.6111111111111112,0.616729088639201,0.6179775280898876,0.6159600997506235,0.6179775280898876,0.6159600997506235,0.6179775280898876,0.6159600997506235,0.6179775280898876,0.6159600997506235,0.6179775280898876,0.6159600997506235,0.6179775280898876,0.6159600997506235,0.6179775280898876,0.6159600997506235,0.6136363636363636,0.6164383561643836,0.009554101261561853,0.0009270597544464843,0.0028440380993940604,0.00031700110213568454
3,0.027965807914733888,0.0023083209991455076,0.6161616161616161,0.616161723169715,0.001,ovo,5,poly,"{'C': 0.001, 'decision_function_shape': 'ovo', 'degree': 5, 'kernel': 'poly'}",75,0.6111111111111112,0.616729088639201,0.6111111111111112,0.616729088639201,0.6179775280898876,0.6159600997506235,0.6179775280898876,0.6159600997506235,0.6179775280898876,0.6159600997506235,0.6179775280898876,0.6159600997506235,0.6179775280898876,0.6159600997506235,0.6179775280898876,0.6159600997506235,0.6179775280898876,0.6159600997506235,0.6136363636363636,0.6164383561643836,0.00409561231196906,0.00044899897841623723,0.0028440380993940604,0.00031700110213568454
4,0.026110053062438965,0.0023116111755371095,0.6161616161616161,0.616161723169715,0.001,ovr,2,poly,"{'C': 0.001, 'decision_function_shape': 'ovr', 'degree': 2, 'kernel': 'poly'}",75,0.6111111111111112,0.616729088639201,0.6111111111111112,0.616729088639201,0.6179775280898876,0.6159600997506235,0.6179775280898876,0.6159600997506235,0.6179775280898876,0.6159600997506235,0.6179775280898876,0.6159600997506235,0.6179775280898876,0.6159600997506235,0.6179775280898876,0.6159600997506235,0.6179775280898876,0.6159600997506235,0.6136363636363636,0.6164383561643836,0.006211815202812452,0.0005117875381441485,0.0028440380993940604,0.00031700110213568454
5,0.02870161533355713,0.0021761178970336912,0.6161616161616161,0.616161723169715,0.001,ovr,3,poly,"{'C': 0.001, 'decision_function_shape': 'ovr', 'degree': 3, 'kernel': 'poly'}",75,0.6111111111111112,0.616729088639201,0.6111111111111112,0.616729088639201,0.6179775280898876,0.6159600997506235,0.6179775280898876,0.6159600997506235,0.6179775280898876,0.6159600997506235,0.6179775280898876,0.6159600997506235,0.6179775280898876,0.6159600997506235,0.6179775280898876,0.6159600997506235,0.6179775280898876,0.6159600997506235,0.6136363636363636,0.6164383561643836,0.007707710814433928,5.693633848444026e-05,0.0028440380993940604,0.00031700110213568454
6,0.0272505521774292,0.002416539192199707,0.6161616161616161,0.616161723169715,0.001,ovr,4,poly,"{'C': 0.001, 'decision_function_shape': 'ovr', 'degree': 4, 'kernel': 'poly'}",75,0.6111111111111112,0.616729088639201,0.6111111111111112,0.616729088639201,0.6179775280898876,0.6159600997506235,0.6179775280898876,0.6159600997506235,0.6179775280898876,0.6159600997506235,0.6179775280898876,0.6159600997506235,0.6179775280898876,0.6159600997506235,0.6179775280898876,0.6159600997506235,0.6179775280898876,0.6159600997506235,0.6136363636363636,0.6164383561643836,0.005373806983606717,0.0004868701321244691,0.0028440380993940604,0.00031700110213568454
7,0.024688196182250977,0.0022171497344970702,0.6161616161616161,0.616161723169715,0.001,ovr,5,poly,"{'C': 0.001, 'decision_function_shape': 'ovr', 'degree': 5, 'kernel': 'poly'}",75,0.6111111111111112,0.616729088639201,0.6111111111111112,0.616729088639201,0.6179775280898876,0.6159600997506235,0.6179775280898876,0.6159600997506235,0.6179775280898876,0.6159600997506235,0.6179775280898876,0.6159600997506235,0.6179775280898876,0.6159600997506235,0.6179775280898876,0.6159600997506235,0.6179775280898876,0.6159600997506235,0.6136363636363636,0.6164383561643836,0.000499297937042756,9.52399235906936e-05,0.0028440380993940604,0.00031700110213568454
8,0.025244832038879395,0.002196049690246582,0.6161616161616161,0.616161723169715,0.01,ovo,2,poly,"{'C': 0.01, 'decision_function_shape': 'ovo', 'degree': 2, 'kernel': 'poly'}",75,0.6111111111111112,0.616729088639201,0.6111111111111112,0.616729088639201,0.6179775280898876,0.6159600997506235,0.6179775280898876,0.6159600997506235,0.6179775280898876,0.6159600997506235,0.6179775280898876,0.6159600997506235,0.6179775280898876,0.6159600997506235,0.6179775280898876,0.6159600997506235,0.6179775280898876,0.6159600997506235,0.6136363636363636,0.6164383561643836,0.0008132289996160547,7.499842485238339e-05,0.0028440380993940604,0.00031700110213568454
9,0.02663729190826416,0.002219843864440918,0.6161616161616161,0.616161723169715,0.01,ovo,3,poly,"{'C': 0.01, 'decision_function_shape': 'ovo', 'degree': 3, 'kernel': 'poly'}",75,0.6111111111111112,0.616729088639201,0.6111111111111112,0.616729088639201,0.6179775280898876,0.6159600997506235,0.6179775280898876,0.6159600997506235,0.6179775280898876,0.6159600997506235,0.6179775280898876,0.6159600997506235,0.6179775280898876,0.6159600997506235,0.6179775280898876,0.6159600997506235,0.6179775280898876,0.6159600997506235,0.6136363636363636,0.6164383561643836,0.004112016809013916,3.546544282727669e-05,0.0028440380993940604,0.00031700110213568454
10,0.025644564628601076,0.0021819829940795898,0.6161616161616161,0.616161723169715,0.01,ovo,4,poly,"{'C': 0.01, 'decision_function_shape': 'ovo', 'degree': 4, 'kernel': 'poly'}",75,0.6111111111111112,0.616729088639201,0.6111111111111112,0.616729088639201,0.6179775280898876,0.6159600997506235,0.6179775280898876,0.6159600997506235,0.6179775280898876,0.6159600997506235,0.6179775280898876,0.6159600997506235,0.6179775280898876,0.6159600997506235,0.6179775280898876,0.6159600997506235,0.6179775280898876,0.6159600997506235,0.6136363636363636,0.6164383561643836,0.00046633086355461924,2.5911273700003115e-05,0.0028440380993940604,0.00031700110213568454
11,0.025200963020324707,0.0022431373596191405,0.6161616161616161,0.6181570477454976,0.01,ovo,5,poly,"{'C': 0.01, 'decision_function_shape': 'ovo', 'degree': 5, 'kernel': 'poly'}",75,0.6111111111111112,0.6192259675405742,0.6111111111111112,0.6192259675405742,0.6179775280898876,0.6159600997506235,0.6179775280898876,0.6184538653366584,0.6179775280898876,0.6184538653366584,0.6179775280898876,0.6184538653366584,0.6179775280898876,0.6184538653366584,0.6179775280898876,0.6184538653366584,0.6179775280898876,0.6159600997506235,0.6136363636363636,0.6189290161892902,0.0006927522846999316,0.0002188703125501728,0.0028440380993940604,0.001139068862330107
12,0.026350927352905274,0.0023542165756225584,0.6161616161616161,0.616161723169715,0.01,ovr,2,poly,"{'C': 0.01, 'decision_function_shape': 'ovr', 'degree': 2, 'kernel': 'poly'}",75,0.6111111111111112,0.616729088639201,0.6111111111111112,0.616729088639201,0.6179775280898876,0.6159600997506235,0.6179775280898876,0.6159600997506235,0.6179775280898876,0.6159600997506235,0.6179775280898876,0.6159600997506235,0.6179775280898876,0.6159600997506235,0.6179775280898876,0.6159600997506235,0.6179775280898876,0.6159600997506235,0.6136363636363636,0.6164383561643836,0.00282939630619491,0.00043843908807594665,0.0028440380993940604,0.00031700110213568454
13,0.025792741775512697,0.0029180049896240234,0.6161616161616161,0.616161723169715,0.01,ovr,3,poly,"{'C': 0.01, 'decision_function_shape': 'ovr', 'degree': 3, 'kernel': 'poly'}",75,0.6111111111111112,0.616729088639201,0.6111111111111112,0.616729088639201,0.6179775280898876,0.6159600997506235,0.6179775280898876,0.6159600997506235,0.6179775280898876,0.6159600997506235,0.6179775280898876,0.6159600997506235,0.6179775280898876,0.6159600997506235,0.6179775280898876,0.6159600997506235,0.6179775280898876,0.6159600997506235,0.6136363636363636,0.6164383561643836,0.0009442399323492297,0.0021275227741878503,0.0028440380993940604,0.00031700110213568454
14,0.025324440002441405,0.002204012870788574,0.6161616161616161,0.616161723169715,0.01,ovr,4,poly,"{'C': 0.01, 'decision_function_shape': 'ovr', 'degree': 4, 'kernel': 'poly'}",75,0.6111111111111112,0.616729088639201,0.6111111111111112,0.616729088639201,0.6179775280898876,0.6159600997506235,0.6179775280898876,0.6159600997506235,0.6179775280898876,0.6159600997506235,0.6179775280898876,0.6159600997506235,0.6179775280898876,0.6159600997506235,0.6179775280898876,0.6159600997506235,0.6179775280898876,0.6159600997506235,0.6136363636363636,0.6164383561643836,0.0005502459819944672,8.493807356408411e-05,0.0028440380993940604,0.00031700110213568454
15,0.025148916244506835,0.002312898635864258,0.6161616161616161,0.6181570477454976,0.01,ovr,5,poly,"{'C': 0.01, 'decision_function_shape': 'ovr', 'degree': 5, 'kernel': 'poly'}",75,0.6111111111111112,0.6192259675405742,0.6111111111111112,0.6192259675405742,0.6179775280898876,0.6159600997506235,0.6179775280898876,0.6184538653366584,0.6179775280898876,0.6184538653366584,0.6179775280898876,0.6184538653366584,0.6179775280898876,0.6184538653366584,0.6179775280898876,0.6184538653366584,0.6179775280898876,0.6159600997506235,0.6136363636363636,0.6189290161892902,0.0018454832145419315,8.639330052817088e-05,0.0028440380993940604,0.001139068862330107
16,0.024003362655639647,0.0019431591033935546,0.7497194163860831,0.7591979059461077,0.1,ovo,2,poly,"{'C': 0.1, 'decision_function_shape': 'ovo', 'degree': 2, 'kernel': 'poly'}",57,0.6444444444444445,0.7715355805243446,0.6777777777777778,0.7615480649188514,0.7415730337078652,0.7655860349127181,0.7415730337078652,0.7531172069825436,0.7752808988764045,0.7605985037406484,0.7415730337078652,0.7506234413965087,0.797752808988764,0.7593516209476309,0.797752808988764,0.7506234413965087,0.7415730337078652,0.7531172069825436,0.8409090909090909,0.7658779576587795,0.0011575515931912886,0.0002369031379768261,0.054920477163205764,0.006827523201374431
17,0.024761247634887695,0.0021123409271240233,0.6846240179573513,0.6912419851564027,0.1,ovo,3,poly,"{'C': 0.1, 'decision_function_shape': 'ovo', 'degree': 3, 'kernel': 'poly'}",67,0.6666666666666666,0.7091136079900124,0.6444444444444445,0.7203495630461922,0.7191011235955056,0.713216957605985,0.7640449438202247,0.6807980049875312,0.6966292134831461,0.685785536159601,0.6741573033707865,0.6920199501246883,0.651685393258427,0.6770573566084788,0.6741573033707865,0.6795511221945137,0.7078651685393258,0.685785536159601,0.6477272727272727,0.6687422166874222,0.0013402814789555276,0.0002161782368868251,0.03574217951948264,0.016318371778581038
18,0.025093841552734374,0.0021854400634765624,0.6195286195286195,0.6195287748712943,0.1,ovo,4,poly,"{'C': 0.1, 'decision_function_shape': 'ovo', 'degree': 4, 'kernel': 'poly'}",69,0.6111111111111112,0.6204744069912609,0.6111111111111112,0.6204744069912609,0.6292134831460674,0.6184538653366584,0.6179775280898876,0.6197007481296758,0.6179775280898876,0.6197007481296758,0.6179775280898876,0.6197007481296758,0.6179775280898876,0.6197007481296758,0.6292134831460674,0.6184538653366584,0.6292134831460674,0.6184538653366584,0.6136363636363636,0.6201743462017435,0.0022420724134396266,9.768304513103184e-05,0.006841907825774333,0.0007609069118275967
19,0.02587432861328125,0.0022842884063720703,0.6184062850729517,0.6195287748712943,0.1,ovo,5,poly,"{'C': 0.1, 'decision_function_shape': 'ovo', 'degree': 5, 'kernel': 'poly'}",71,0.6111111111111112,0.6204744069912609,0.6111111111111112,0.6204744069912609,0.6292134831460674,0.6184538653366584,0.6179775280898876,0.6197007481296758,0.6179775280898876,0.6197007481296758,0.6179775280898876,0.6197007481296758,0.6179775280898876,0.6197007481296758,0.6179775280898876,0.6184538653366584,0.6292134831460674,0.6184538653366584,0.6136363636363636,0.6201743462017435,0.0007355568180141261,0.00010872017918185786,0.006035168207704565,0.0007609069118275967
20,0.02410922050476074,0.0021433115005493166,0.7497194163860831,0.7591979059461077,0.1,ovr,2,poly,"{'C': 0.1, 'decision_function_shape': 'ovr', 'degree': 2, 'kernel': 'poly'}",57,0.6444444444444445,0.7715355805243446,0.6777777777777778,0.7615480649188514,0.7415730337078652,0.7655860349127181,0.7415730337078652,0.7531172069825436,0.7752808988764045,0.7605985037406484,0.7415730337078652,0.7506234413965087,0.797752808988764,0.7593516209476309,0.797752808988764,0.7506234413965087,0.7415730337078652,0.7531172069825436,0.8409090909090909,0.7658779576587795,0.003999306600322528,0.00010051293257421272,0.054920477163205764,0.006827523201374431
21,0.025870323181152344,0.0021702051162719727,0.6846240179573513,0.6912419851564027,0.1,ovr,3,poly,"{'C': 0.1, 'decision_function_shape': 'ovr', 'degree': 3, 'kernel': 'poly'}",67,0.6666666666666666,0.7091136079900124,0.6444444444444445,0.7203495630461922,0.7191011235955056,0.713216957605985,0.7640449438202247,0.6807980049875312,0.6966292134831461,0.685785536159601,0.6741573033707865,0.6920199501246883,0.651685393258427,0.6770573566084788,0.6741573033707865,0.6795511221945137,0.7078651685393258,0.685785536159601,0.6477272727272727,0.6687422166874222,0.003270797216475939,7.186509057641311e-05,0.03574217951948264,0.016318371778581038
22,0.026644134521484376,0.002230930328369141,0.6195286195286195,0.6195287748712943,0.1,ovr,4,poly,"{'C': 0.1, 'decision_function_shape': 'ovr', 'degree': 4, 'kernel': 'poly'}",69,0.6111111111111112,0.6204744069912609,0.6111111111111112,0.6204744069912609,0.6292134831460674,0.6184538653366584,0.6179775280898876,0.6197007481296758,0.6179775280898876,0.6197007481296758,0.6179775280898876,0.6197007481296758,0.6179775280898876,0.6197007481296758,0.6292134831460674,0.6184538653366584,0.6292134831460674,0.6184538653366584,0.6136363636363636,0.6201743462017435,0.0013802742327129315,0.000165233391613347,0.006841907825774333,0.0007609069118275967
23,0.026511621475219727,0.002270674705505371,0.6184062850729517,0.6195287748712943,0.1,ovr,5,poly,"{'C': 0.1, 'decision_function_shape': 'ovr', 'degree': 5, 'kernel': 'poly'}",71,0.6111111111111112,0.6204744069912609,0.6111111111111112,0.6204744069912609,0.6292134831460674,0.6184538653366584,0.6179775280898876,0.6197007481296758,0.6179775280898876,0.6197007481296758,0.6179775280898876,0.6197007481296758,0.6179775280898876,0.6197007481296758,0.6179775280898876,0.6184538653366584,0.6292134831460674,0.6184538653366584,0.6136363636363636,0.6201743462017435,0.0024776555094006654,6.530723577932813e-05,0.006035168207704565,0.0007609069118275967
24,0.020845198631286622,0.0016757011413574218,0.8204264870931538,0.8247934515913176,1,ovo,2,poly,"{'C': 1, 'decision_function_shape': 'ovo', 'degree': 2, 'kernel': 'poly'}",27,0.8222222222222222,0.8314606741573034,0.8333333333333334,0.8264669163545568,0.7865168539325843,0.8329177057356608,0.8651685393258427,0.8229426433915212,0.8202247191011236,0.8229426433915212,0.797752808988764,0.8291770573566085,0.8089887640449438,0.8192019950124688,0.7752808988764045,0.8254364089775561,0.8539325842696629,0.8229426433915212,0.8409090909090909,0.8144458281444583,0.0013360389896779666,6.15552447058165e-05,0.027450921020021328,0.005305651805523293
25,0.021714377403259277,0.0017745018005371094,0.8125701459034792,0.8267875331672281,1,ovo,3,poly,"{'C': 1, 'decision_function_shape': 'ovo', 'degree': 3, 'kernel': 'poly'}",39,0.8111111111111111,0.8339575530586767,0.8222222222222222,0.8264669163545568,0.7865168539325843,0.8291770573566085,0.8314606741573034,0.8241895261845387,0.797752808988764,0.827930174563591,0.797752808988764,0.8291770573566085,0.8202247191011236,0.8229426433915212,0.797752808988764,0.8254364089775561,0.8202247191011236,0.8241895261845387,0.8409090909090909,0.8244084682440846,0.00077288118867779,3.3832562468420334e-05,0.01642824806415145,0.003162359971354874
26,0.024088716506958006,0.0019798755645751955,0.7811447811447811,0.7986043928150528,1,ovo,4,poly,"{'C': 1, 'decision_function_shape': 'ovo', 'degree': 4, 'kernel': 'poly'}",51,0.7555555555555555,0.8052434456928839,0.7555555555555555,0.797752808988764,0.7303370786516854,0.8017456359102244,0.7415730337078652,0.7955112219451371,0.8202247191011236,0.7955112219451371,0.7415730337078652,0.8042394014962594,0.797752808988764,0.800498753117207,0.8202247191011236,0.7955112219451371,0.8089887640449438,0.7942643391521197,0.8409090909090909,0.7957658779576587,0.0009013022987682842,4.531217699691114e-05,0.0382862484369019,0.003815860330079165
27,0.024393701553344728,0.0022211313247680665,0.734006734006734,0.738247464509979,1,ovo,5,poly,"{'C': 1, 'decision_function_shape': 'ovo', 'degree': 5, 'kernel': 'poly'}",59,0.7222222222222222,0.7465667915106118,0.7111111111111111,0.7365792759051186,0.6292134831460674,0.7456359102244389,0.6741573033707865,0.7356608478802993,0.7752808988764045,0.7331670822942643,0.7415730337078652,0.7394014962593516,0.7640449438202247,0.7456359102244389,0.8089887640449438,0.7256857855361596,0.7415730337078652,0.7356608478802993,0.7727272727272727,0.7384806973848069,0.0013508007699444117,8.482968224167849e-05,0.050031067586595805,0.006160728327440378
28,0.020937395095825196,0.0016689300537109375,0.8204264870931538,0.8247934515913176,1,ovr,2,poly,"{'C': 1, 'decision_function_shape': 'ovr', 'degree': 2, 'kernel': 'poly'}",27,0.8222222222222222,0.8314606741573034,0.8333333333333334,0.8264669163545568,0.7865168539325843,0.8329177057356608,0.8651685393258427,0.8229426433915212,0.8202247191011236,0.8229426433915212,0.797752808988764,0.8291770573566085,0.8089887640449438,0.8192019950124688,0.7752808988764045,0.8254364089775561,0.8539325842696629,0.8229426433915212,0.8409090909090909,0.8144458281444583,0.0006965688781505568,0.0001152826191545243,0.027450921020021328,0.005305651805523293
29,0.022458600997924804,0.0017810583114624024,0.8125701459034792,0.8267875331672281,1,ovr,3,poly,"{'C': 1, 'decision_function_shape': 'ovr', 'degree': 3, 'kernel': 'poly'}",39,0.8111111111111111,0.8339575530586767,0.8222222222222222,0.8264669163545568,0.7865168539325843,0.8291770573566085,0.8314606741573034,0.8241895261845387,0.797752808988764,0.827930174563591,0.797752808988764,0.8291770573566085,0.8202247191011236,0.8229426433915212,0.797752808988764,0.8254364089775561,0.8202247191011236,0.8241895261845387,0.8409090909090909,0.8244084682440846,0.00046644538633730694,3.8488476214503345e-05,0.01642824806415145,0.003162359971354874
30,0.024251484870910646,0.001998448371887207,0.7811447811447811,0.7986043928150528,1,ovr,4,poly,"{'C': 1, 'decision_function_shape': 'ovr', 'degree': 4, 'kernel': 'poly'}",51,0.7555555555555555,0.8052434456928839,0.7555555555555555,0.797752808988764,0.7303370786516854,0.8017456359102244,0.7415730337078652,0.7955112219451371,0.8202247191011236,0.7955112219451371,0.7415730337078652,0.8042394014962594,0.797752808988764,0.800498753117207,0.8202247191011236,0.7955112219451371,0.8089887640449438,0.7942643391521197,0.8409090909090909,0.7957658779576587,0.0008317131132354888,9.450633694957049e-05,0.0382862484369019,0.003815860330079165
31,0.02527194023132324,0.002141427993774414,0.734006734006734,0.738247464509979,1,ovr,5,poly,"{'C': 1, 'decision_function_shape': 'ovr', 'degree': 5, 'kernel': 'poly'}",59,0.7222222222222222,0.7465667915106118,0.7111111111111111,0.7365792759051186,0.6292134831460674,0.7456359102244389,0.6741573033707865,0.7356608478802993,0.7752808988764045,0.7331670822942643,0.7415730337078652,0.7394014962593516,0.7640449438202247,0.7456359102244389,0.8089887640449438,0.7256857855361596,0.7415730337078652,0.7356608478802993,0.7727272727272727,0.7384806973848069,0.000770092378090691,8.402384894894104e-05,0.050031067586595805,0.006160728327440378
32,0.025911521911621094,0.0014325380325317383,0.8316498316498316,0.840753869652264,10,ovo,2,poly,"{'C': 10, 'decision_function_shape': 'ovo', 'degree': 2, 'kernel': 'poly'}",5,0.8222222222222222,0.8426966292134831,0.8444444444444444,0.8401997503121099,0.7865168539325843,0.8466334164588528,0.8651685393258427,0.8391521197007481,0.8426966292134831,0.8391521197007481,0.797752808988764,0.8466334164588528,0.8314606741573034,0.8379052369077307,0.797752808988764,0.8416458852867831,0.8651685393258427,0.8366583541147132,0.8636363636363636,0.8368617683686177,0.0017812273515421053,7.17731205467117e-05,0.028217358058862732,0.003452286349622172
33,0.02270669937133789,0.0014670372009277343,0.8294051627384961,0.8469885972751481,10,ovo,3,poly,"{'C': 10, 'decision_function_shape': 'ovo', 'degree': 3, 'kernel': 'poly'}",9,0.8111111111111111,0.846441947565543,0.8555555555555555,0.846441947565543,0.7752808988764045,0.85785536159601,0.8651685393258427,0.8428927680798005,0.8426966292134831,0.8428927680798005,0.8089887640449438,0.8528678304239401,0.8202247191011236,0.8453865336658354,0.7865168539325843,0.8491271820448878,0.8651685393258427,0.8416458852867831,0.8636363636363636,0.8443337484433375,0.0010513928617954895,7.031139738303644e-05,0.03190890534401548,0.004790972562684831
34,0.023906230926513672,0.0016796350479125976,0.8327721661054994,0.848983766185164,10,ovo,4,poly,"{'C': 10, 'decision_function_shape': 'ovo', 'degree': 4, 'kernel': 'poly'}",1,0.8333333333333334,0.8489388264669163,0.8555555555555555,0.8476903870162297,0.7752808988764045,0.8603491271820449,0.8651685393258427,0.8466334164588528,0.8426966292134831,0.8466334164588528,0.8089887640449438,0.8541147132169576,0.8089887640449438,0.8466334164588528,0.797752808988764,0.8503740648379052,0.8764044943820225,0.8416458852867831,0.8636363636363636,0.8468244084682441,0.0007850501348295947,9.724920827266943e-05,0.031891069645381465,0.004839272475957267
35,0.024262237548828124,0.0017437934875488281,0.819304152637486,0.8474870398362423,10,ovo,5,poly,"{'C': 10, 'decision_function_shape': 'ovo', 'degree': 5, 'kernel': 'poly'}",29,0.8222222222222222,0.8476903870162297,0.8444444444444444,0.8451935081148564,0.7640449438202247,0.8541147132169576,0.8089887640449438,0.8466334164588528,0.8202247191011236,0.8466334164588528,0.8202247191011236,0.8503740648379052,0.797752808988764,0.8453865336658354,0.797752808988764,0.8491271820448878,0.8651685393258427,0.8428927680798005,0.8522727272727273,0.8468244084682441,0.0010115839795029112,0.0001649822458013847,0.028120670043681052,0.0029608876593603716
36,0.02505824565887451,0.0015962839126586914,0.8316498316498316,0.840753869652264,10,ovr,2,poly,"{'C': 10, 'decision_function_shape': 'ovr', 'degree': 2, 'kernel': 'poly'}",5,0.8222222222222222,0.8426966292134831,0.8444444444444444,0.8401997503121099,0.7865168539325843,0.8466334164588528,0.8651685393258427,0.8391521197007481,0.8426966292134831,0.8391521197007481,0.797752808988764,0.8466334164588528,0.8314606741573034,0.8379052369077307,0.797752808988764,0.8416458852867831,0.8651685393258427,0.8366583541147132,0.8636363636363636,0.8368617683686177,0.0012847424998065795,0.0005856879712581914,0.028217358058862732,0.003452286349622172
37,0.022980117797851564,0.0014581680297851562,0.8294051627384961,0.8469885972751481,10,ovr,3,poly,"{'C': 10, 'decision_function_shape': 'ovr', 'degree': 3, 'kernel': 'poly'}",9,0.8111111111111111,0.846441947565543,0.8555555555555555,0.846441947565543,0.7752808988764045,0.85785536159601,0.8651685393258427,0.8428927680798005,0.8426966292134831,0.8428927680798005,0.8089887640449438,0.8528678304239401,0.8202247191011236,0.8453865336658354,0.7865168539325843,0.8491271820448878,0.8651685393258427,0.8416458852867831,0.8636363636363636,0.8443337484433375,0.0006956796775355947,7.05199275799083e-05,0.03190890534401548,0.004790972562684831
38,0.024927568435668946,0.0017203092575073242,0.8327721661054994,0.848983766185164,10,ovr,4,poly,"{'C': 10, 'decision_function_shape': 'ovr', 'degree': 4, 'kernel': 'poly'}",1,0.8333333333333334,0.8489388264669163,0.8555555555555555,0.8476903870162297,0.7752808988764045,0.8603491271820449,0.8651685393258427,0.8466334164588528,0.8426966292134831,0.8466334164588528,0.8089887640449438,0.8541147132169576,0.8089887640449438,0.8466334164588528,0.797752808988764,0.8503740648379052,0.8764044943820225,0.8416458852867831,0.8636363636363636,0.8468244084682441,0.0019841100750515143,0.00012870267959338804,0.031891069645381465,0.004839272475957267
39,0.025192832946777342,0.0017402172088623047,0.819304152637486,0.8474870398362423,10,ovr,5,poly,"{'C': 10, 'decision_function_shape': 'ovr', 'degree': 5, 'kernel': 'poly'}",29,0.8222222222222222,0.8476903870162297,0.8444444444444444,0.8451935081148564,0.7640449438202247,0.8541147132169576,0.8089887640449438,0.8466334164588528,0.8202247191011236,0.8466334164588528,0.8202247191011236,0.8503740648379052,0.797752808988764,0.8453865336658354,0.797752808988764,0.8491271820448878,0.8651685393258427,0.8428927680798005,0.8522727272727273,0.8468244084682441,0.00280145763044959,0.0001452240425286717,0.028120670043681052,0.0029608876593603716
40,0.06003162860870361,0.0013613224029541016,0.8249158249158249,0.8669421520382465,100,ovo,2,poly,"{'C': 100, 'decision_function_shape': 'ovo', 'degree': 2, 'kernel': 'poly'}",13,0.8111111111111111,0.8689138576779026,0.8111111111111111,0.8689138576779026,0.7640449438202247,0.8740648379052369,0.8202247191011236,0.8703241895261845,0.8651685393258427,0.85785536159601,0.8202247191011236,0.8665835411471322,0.8314606741573034,0.8653366583541147,0.8089887640449438,0.8653366583541147,0.8651685393258427,0.8703241895261845,0.8522727272727273,0.8617683686176837,0.008076189905712907,0.00010563900811334335,0.028986753004870826,0.004427255046788894
41,0.04279167652130127,0.0013291597366333007,0.8249158249158249,0.8875194603048089,100,ovo,3,poly,"{'C': 100, 'decision_function_shape': 'ovo', 'degree': 3, 'kernel': 'poly'}",13,0.8,0.9001248439450686,0.8,0.8876404494382022,0.7415730337078652,0.8940149625935162,0.8539325842696629,0.8877805486284289,0.8876404494382022,0.8802992518703242,0.8426966292134831,0.885286783042394,0.8314606741573034,0.885286783042394,0.7865168539325843,0.8877805486284289,0.8539325842696629,0.885286783042394,0.8522727272727273,0.8816936488169365,0.002853986041534984,6.814030102648498e-05,0.040465981411635106,0.005497856417737131
42,0.034947991371154785,0.0013987302780151367,0.819304152637486,0.8891397864357952,100,ovo,4,poly,"{'C': 100, 'decision_function_shape': 'ovo', 'degree': 4, 'kernel': 'poly'}",29,0.8,0.898876404494382,0.8,0.8876404494382022,0.7528089887640449,0.8952618453865336,0.8539325842696629,0.8902743142144638,0.8651685393258427,0.8802992518703242,0.8202247191011236,0.8865336658354115,0.8314606741573034,0.8940149625935162,0.8202247191011236,0.8865336658354115,0.8089887640449438,0.8865336658354115,0.8409090909090909,0.8854296388542964,0.002251649049820363,4.240514885436392e-05,0.03030683656661163,0.005214208324644025
43,0.032636713981628415,0.0015358209609985351,0.8170594837261503,0.8847753833901478,100,ovo,5,poly,"{'C': 100, 'decision_function_shape': 'ovo', 'degree': 5, 'kernel': 'poly'}",33,0.7888888888888889,0.8938826466916354,0.8222222222222222,0.8838951310861424,0.7528089887640449,0.8902743142144638,0.8539325842696629,0.8840399002493765,0.8314606741573034,0.8778054862842892,0.8202247191011236,0.8865336658354115,0.8314606741573034,0.8865336658354115,0.8089887640449438,0.8827930174563591,0.8202247191011236,0.8827930174563591,0.8409090909090909,0.8792029887920298,0.0025574569050965936,5.841820066736886e-05,0.02715013248179465,0.004562564800101235
44,0.058647775650024415,0.0013212442398071289,0.8249158249158249,0.8669421520382465,100,ovr,2,poly,"{'C': 100, 'decision_function_shape': 'ovr', 'degree': 2, 'kernel': 'poly'}",13,0.8111111111111111,0.8689138576779026,0.8111111111111111,0.8689138576779026,0.7640449438202247,0.8740648379052369,0.8202247191011236,0.8703241895261845,0.8651685393258427,0.85785536159601,0.8202247191011236,0.8665835411471322,0.8314606741573034,0.8653366583541147,0.8089887640449438,0.8653366583541147,0.8651685393258427,0.8703241895261845,0.8522727272727273,0.8617683686176837,0.007890906840990504,6.352842332518581e-05,0.028986753004870826,0.004427255046788894
45,0.04210011959075928,0.0013248205184936523,0.8249158249158249,0.8875194603048089,100,ovr,3,poly,"{'C': 100, 'decision_function_shape': 'ovr', 'degree': 3, 'kernel': 'poly'}",13,0.8,0.9001248439450686,0.8,0.8876404494382022,0.7415730337078652,0.8940149625935162,0.8539325842696629,0.8877805486284289,0.8876404494382022,0.8802992518703242,0.8426966292134831,0.885286783042394,0.8314606741573034,0.885286783042394,0.7865168539325843,0.8877805486284289,0.8539325842696629,0.885286783042394,0.8522727272727273,0.8816936488169365,0.0030538840654918465,6.776416807035147e-05,0.040465981411635106,0.005497856417737131
46,0.03613617420196533,0.0014558553695678711,0.819304152637486,0.8891397864357952,100,ovr,4,poly,"{'C': 100, 'decision_function_shape': 'ovr', 'degree': 4, 'kernel': 'poly'}",29,0.8,0.898876404494382,0.8,0.8876404494382022,0.7528089887640449,0.8952618453865336,0.8539325842696629,0.8902743142144638,0.8651685393258427,0.8802992518703242,0.8202247191011236,0.8865336658354115,0.8314606741573034,0.8940149625935162,0.8202247191011236,0.8865336658354115,0.8089887640449438,0.8865336658354115,0.8409090909090909,0.8854296388542964,0.002168372966561958,0.00010214571221808955,0.03030683656661163,0.005214208324644025
47,0.03219161033630371,0.0014596223831176759,0.8170594837261503,0.8847753833901478,100,ovr,5,poly,"{'C': 100, 'decision_function_shape': 'ovr', 'degree': 5, 'kernel': 'poly'}",33,0.7888888888888889,0.8938826466916354,0.8222222222222222,0.8838951310861424,0.7528089887640449,0.8902743142144638,0.8539325842696629,0.8840399002493765,0.8314606741573034,0.8778054862842892,0.8202247191011236,0.8865336658354115,0.8314606741573034,0.8865336658354115,0.8089887640449438,0.8827930174563591,0.8202247191011236,0.8827930174563591,0.8409090909090909,0.8792029887920298,0.0020612979188380344,7.791017579820857e-05,0.02715013248179465,0.004562564800101235
48,0.25905208587646483,0.0011813640594482422,0.8215488215488216,0.8961226441222003,1000,ovo,2,poly,"{'C': 1000, 'decision_function_shape': 'ovo', 'degree': 2, 'kernel': 'poly'}",25,0.8111111111111111,0.9038701622971286,0.8111111111111111,0.8938826466916354,0.7303370786516854,0.9077306733167082,0.8202247191011236,0.8927680798004988,0.8764044943820225,0.8890274314214464,0.8089887640449438,0.8977556109725686,0.8314606741573034,0.8977556109725686,0.8089887640449438,0.8927680798004988,0.8314606741573034,0.8915211970074813,0.8863636363636364,0.8941469489414695,0.05166859577434708,4.090140039706616e-05,0.04024720819926011,0.005504961974906428
49,0.17175683975219727,0.0012403011322021484,0.8305274971941639,0.9089669421469981,1000,ovo,3,poly,"{'C': 1000, 'decision_function_shape': 'ovo', 'degree': 3, 'kernel': 'poly'}",7,0.7777777777777778,0.9138576779026217,0.8333333333333334,0.9088639200998752,0.7528089887640449,0.9177057356608479,0.8202247191011236,0.9077306733167082,0.8876404494382022,0.9052369077306733,0.8539325842696629,0.9052369077306733,0.8202247191011236,0.9139650872817955,0.8089887640449438,0.9052369077306733,0.8764044943820225,0.9039900249376559,0.875,0.9078455790784558,0.03432368851046493,9.597979874761251e-05,0.04169959964313393,0.004411041459128629
50,0.13232131004333497,0.0017505407333374024,0.8237934904601572,0.9124580590771009,1000,ovo,4,poly,"{'C': 1000, 'decision_function_shape': 'ovo', 'degree': 4, 'kernel': 'poly'}",19,0.7888888888888889,0.9138576779026217,0.8111111111111111,0.9101123595505618,0.7415730337078652,0.9201995012468828,0.8314606741573034,0.9114713216957606,0.898876404494382,0.9077306733167082,0.8314606741573034,0.912718204488778,0.8089887640449438,0.9177057356608479,0.8089887640449438,0.9114713216957606,0.8651685393258427,0.9089775561097256,0.8522727272727273,0.9103362391033624,0.019795022871658276,0.001239821094164251,0.04104043447067609,0.0036865763183522226
51,0.11168513298034669,0.0013842105865478516,0.8237934904601572,0.9130810334763089,1000,ovo,5,poly,"{'C': 1000, 'decision_function_shape': 'ovo', 'degree': 5, 'kernel': 'poly'}",19,0.7777777777777778,0.9126092384519351,0.8,0.9076154806491885,0.7528089887640449,0.9239401496259352,0.8314606741573034,0.912718204488778,0.8876404494382022,0.9089775561097256,0.8426966292134831,0.9139650872817955,0.8202247191011236,0.9189526184538653,0.8089887640449438,0.9102244389027432,0.8651685393258427,0.9114713216957606,0.8522727272727273,0.9103362391033624,0.02320122994320417,5.8310848369108046e-05,0.03869627418229942,0.0046746945908580735
52,0.27660038471221926,0.0012294769287109375,0.8215488215488216,0.8961226441222003,1000,ovr,2,poly,"{'C': 1000, 'decision_function_shape': 'ovr', 'degree': 2, 'kernel': 'poly'}",25,0.8111111111111111,0.9038701622971286,0.8111111111111111,0.8938826466916354,0.7303370786516854,0.9077306733167082,0.8202247191011236,0.8927680798004988,0.8764044943820225,0.8890274314214464,0.8089887640449438,0.8977556109725686,0.8314606741573034,0.8977556109725686,0.8089887640449438,0.8927680798004988,0.8314606741573034,0.8915211970074813,0.8863636363636364,0.8941469489414695,0.05708570585909235,4.209081327199617e-05,0.04024720819926011,0.005504961974906428
53,0.1912846803665161,0.0012402296066284179,0.8305274971941639,0.9089669421469981,1000,ovr,3,poly,"{'C': 1000, 'decision_function_shape': 'ovr', 'degree': 3, 'kernel': 'poly'}",7,0.7777777777777778,0.9138576779026217,0.8333333333333334,0.9088639200998752,0.7528089887640449,0.9177057356608479,0.8202247191011236,0.9077306733167082,0.8876404494382022,0.9052369077306733,0.8539325842696629,0.9052369077306733,0.8202247191011236,0.9139650872817955,0.8089887640449438,0.9052369077306733,0.8764044943820225,0.9039900249376559,0.875,0.9078455790784558,0.04769724409846557,5.716991675916809e-05,0.04169959964313393,0.004411041459128629
54,0.13789191246032714,0.0013341903686523438,0.8237934904601572,0.9124580590771009,1000,ovr,4,poly,"{'C': 1000, 'decision_function_shape': 'ovr', 'degree': 4, 'kernel': 'poly'}",19,0.7888888888888889,0.9138576779026217,0.8111111111111111,0.9101123595505618,0.7415730337078652,0.9201995012468828,0.8314606741573034,0.9114713216957606,0.898876404494382,0.9077306733167082,0.8314606741573034,0.912718204488778,0.8089887640449438,0.9177057356608479,0.8089887640449438,0.9114713216957606,0.8651685393258427,0.9089775561097256,0.8522727272727273,0.9103362391033624,0.020847764363629933,5.079267081397308e-05,0.04104043447067609,0.0036865763183522226
55,0.10871195793151855,0.0013295888900756836,0.8237934904601572,0.9130810334763089,1000,ovr,5,poly,"{'C': 1000, 'decision_function_shape': 'ovr', 'degree': 5, 'kernel': 'poly'}",19,0.7777777777777778,0.9126092384519351,0.8,0.9076154806491885,0.7528089887640449,0.9239401496259352,0.8314606741573034,0.912718204488778,0.8876404494382022,0.9089775561097256,0.8426966292134831,0.9139650872817955,0.8202247191011236,0.9189526184538653,0.8089887640449438,0.9102244389027432,0.8651685393258427,0.9114713216957606,0.8522727272727273,0.9103362391033624,0.025232451038655998,4.0741689245644244e-05,0.03869627418229942,0.0046746945908580735
56,0.03717284202575684,0.0036477088928222657,0.6161616161616161,0.616161723169715,0.001,ovo,,rbf,"{'C': 0.001, 'decision_function_shape': 'ovo', 'kernel': 'rbf'}",75,0.6111111111111112,0.616729088639201,0.6111111111111112,0.616729088639201,0.6179775280898876,0.6159600997506235,0.6179775280898876,0.6159600997506235,0.6179775280898876,0.6159600997506235,0.6179775280898876,0.6159600997506235,0.6179775280898876,0.6159600997506235,0.6179775280898876,0.6159600997506235,0.6179775280898876,0.6159600997506235,0.6136363636363636,0.6164383561643836,0.0012298293907481227,0.00011597407076635405,0.0028440380993940604,0.00031700110213568454
57,0.02495076656341553,0.004389667510986328,0.6184062850729517,0.6196557973616789,0.001,ovo,,linear,"{'C': 0.001, 'decision_function_shape': 'ovo', 'kernel': 'linear'}",71,0.6111111111111112,0.6229712858926342,0.6222222222222222,0.634207240948814,0.6292134831460674,0.6172069825436409,0.6179775280898876,0.6172069825436409,0.6179775280898876,0.6172069825436409,0.6179775280898876,0.6184538653366584,0.6179775280898876,0.6172069825436409,0.6179775280898876,0.6172069825436409,0.6179775280898876,0.6172069825436409,0.6136363636363636,0.6176836861768369,0.007705968128993792,0.007503084325749056,0.004568402993347846,0.0051385893187223435
58,0.03917727470397949,0.0038350820541381836,0.6161616161616161,0.616161723169715,0.001,ovo,,sigmoid,"{'C': 0.001, 'decision_function_shape': 'ovo', 'kernel': 'sigmoid'}",75,0.6111111111111112,0.616729088639201,0.6111111111111112,0.616729088639201,0.6179775280898876,0.6159600997506235,0.6179775280898876,0.6159600997506235,0.6179775280898876,0.6159600997506235,0.6179775280898876,0.6159600997506235,0.6179775280898876,0.6159600997506235,0.6179775280898876,0.6159600997506235,0.6179775280898876,0.6159600997506235,0.6136363636363636,0.6164383561643836,0.0005476126329683041,0.0001222457058761406,0.0028440380993940604,0.00031700110213568454
59,0.03693094253540039,0.003623032569885254,0.6161616161616161,0.616161723169715,0.001,ovr,,rbf,"{'C': 0.001, 'decision_function_shape': 'ovr', 'kernel': 'rbf'}",75,0.6111111111111112,0.616729088639201,0.6111111111111112,0.616729088639201,0.6179775280898876,0.6159600997506235,0.6179775280898876,0.6159600997506235,0.6179775280898876,0.6159600997506235,0.6179775280898876,0.6159600997506235,0.6179775280898876,0.6159600997506235,0.6179775280898876,0.6159600997506235,0.6179775280898876,0.6159600997506235,0.6136363636363636,0.6164383561643836,0.00110215020027579,2.417485623327338e-05,0.0028440380993940604,0.00031700110213568454
60,0.023130249977111817,0.0018695831298828126,0.6184062850729517,0.6196557973616789,0.001,ovr,,linear,"{'C': 0.001, 'decision_function_shape': 'ovr', 'kernel': 'linear'}",71,0.6111111111111112,0.6229712858926342,0.6222222222222222,0.634207240948814,0.6292134831460674,0.6172069825436409,0.6179775280898876,0.6172069825436409,0.6179775280898876,0.6172069825436409,0.6179775280898876,0.6184538653366584,0.6179775280898876,0.6172069825436409,0.6179775280898876,0.6172069825436409,0.6179775280898876,0.6172069825436409,0.6136363636363636,0.6176836861768369,0.004181740953772463,4.1259394240541884e-05,0.004568402993347846,0.0051385893187223435
61,0.04010274410247803,0.003866887092590332,0.6161616161616161,0.616161723169715,0.001,ovr,,sigmoid,"{'C': 0.001, 'decision_function_shape': 'ovr', 'kernel': 'sigmoid'}",75,0.6111111111111112,0.616729088639201,0.6111111111111112,0.616729088639201,0.6179775280898876,0.6159600997506235,0.6179775280898876,0.6159600997506235,0.6179775280898876,0.6159600997506235,0.6179775280898876,0.6159600997506235,0.6179775280898876,0.6159600997506235,0.6179775280898876,0.6159600997506235,0.6179775280898876,0.6159600997506235,0.6136363636363636,0.6164383561643836,0.0040288671133622885,0.00021906068363830724,0.0028440380993940604,0.00031700110213568454
62,0.05223703384399414,0.004052948951721191,0.6161616161616161,0.616161723169715,0.01,ovo,,rbf,"{'C': 0.01, 'decision_function_shape': 'ovo', 'kernel': 'rbf'}",75,0.6111111111111112,0.616729088639201,0.6111111111111112,0.616729088639201,0.6179775280898876,0.6159600997506235,0.6179775280898876,0.6159600997506235,0.6179775280898876,0.6159600997506235,0.6179775280898876,0.6159600997506235,0.6179775280898876,0.6159600997506235,0.6179775280898876,0.6159600997506235,0.6179775280898876,0.6159600997506235,0.6136363636363636,0.6164383561643836,0.021112071000409627,0.0012111892334310426,0.0028440380993940604,0.00031700110213568454
63,0.02067112922668457,0.0017922878265380859,0.7890011223344556,0.7899996542785447,0.01,ovo,,linear,"{'C': 0.01, 'decision_function_shape': 'ovo', 'kernel': 'linear'}",49,0.8222222222222222,0.7940074906367042,0.7888888888888889,0.7927590511860175,0.7752808988764045,0.7930174563591023,0.8539325842696629,0.7817955112219451,0.797752808988764,0.7905236907730673,0.7752808988764045,0.7892768079800498,0.7640449438202247,0.7892768079800498,0.7415730337078652,0.7917705735660848,0.8089887640449438,0.7880299251870324,0.7613636363636364,0.7895392278953923,0.0008776636936044656,0.0003003981793211716,0.031306878547822825,0.0032960540699242973
64,0.04230258464813232,0.0037677526473999024,0.6161616161616161,0.616161723169715,0.01,ovo,,sigmoid,"{'C': 0.01, 'decision_function_shape': 'ovo', 'kernel': 'sigmoid'}",75,0.6111111111111112,0.616729088639201,0.6111111111111112,0.616729088639201,0.6179775280898876,0.6159600997506235,0.6179775280898876,0.6159600997506235,0.6179775280898876,0.6159600997506235,0.6179775280898876,0.6159600997506235,0.6179775280898876,0.6159600997506235,0.6179775280898876,0.6159600997506235,0.6179775280898876,0.6159600997506235,0.6136363636363636,0.6164383561643836,0.011610685389421055,4.9556946251132054e-05,0.0028440380993940604,0.00031700110213568454
65,0.040659308433532715,0.0036669254302978517,0.6161616161616161,0.616161723169715,0.01,ovr,,rbf,"{'C': 0.01, 'decision_function_shape': 'ovr', 'kernel': 'rbf'}",75,0.6111111111111112,0.616729088639201,0.6111111111111112,0.616729088639201,0.6179775280898876,0.6159600997506235,0.6179775280898876,0.6159600997506235,0.6179775280898876,0.6159600997506235,0.6179775280898876,0.6159600997506235,0.6179775280898876,0.6159600997506235,0.6179775280898876,0.6159600997506235,0.6179775280898876,0.6159600997506235,0.6136363636363636,0.6164383561643836,0.005001705807052584,0.00010846189193383396,0.0028440380993940604,0.00031700110213568454
66,0.023404502868652345,0.0016634702682495118,0.7890011223344556,0.7899996542785447,0.01,ovr,,linear,"{'C': 0.01, 'decision_function_shape': 'ovr', 'kernel': 'linear'}",49,0.8222222222222222,0.7940074906367042,0.7888888888888889,0.7927590511860175,0.7752808988764045,0.7930174563591023,0.8539325842696629,0.7817955112219451,0.797752808988764,0.7905236907730673,0.7752808988764045,0.7892768079800498,0.7640449438202247,0.7892768079800498,0.7415730337078652,0.7917705735660848,0.8089887640449438,0.7880299251870324,0.7613636363636364,0.7895392278953923,0.006091328912972362,5.814661582913501e-05,0.031306878547822825,0.0032960540699242973
67,0.04060699939727783,0.0038274288177490234,0.6161616161616161,0.616161723169715,0.01,ovr,,sigmoid,"{'C': 0.01, 'decision_function_shape': 'ovr', 'kernel': 'sigmoid'}",75,0.6111111111111112,0.616729088639201,0.6111111111111112,0.616729088639201,0.6179775280898876,0.6159600997506235,0.6179775280898876,0.6159600997506235,0.6179775280898876,0.6159600997506235,0.6179775280898876,0.6159600997506235,0.6179775280898876,0.6159600997506235,0.6179775280898876,0.6159600997506235,0.6179775280898876,0.6159600997506235,0.6136363636363636,0.6164383561643836,0.002205242025445776,0.00010527524559869814,0.0028440380993940604,0.00031700110213568454
68,0.03424520492553711,0.0033415079116821287,0.8047138047138047,0.8131983713460411,0.1,ovo,,rbf,"{'C': 0.1, 'decision_function_shape': 'ovo', 'kernel': 'rbf'}",45,0.8222222222222222,0.8239700374531835,0.7777777777777778,0.8277153558052435,0.7752808988764045,0.8204488778054863,0.8764044943820225,0.8054862842892768,0.8089887640449438,0.814214463840399,0.797752808988764,0.8192019950124688,0.7865168539325843,0.8017456359102244,0.7640449438202247,0.8067331670822943,0.8426966292134831,0.8117206982543641,0.7954545454545454,0.800747198007472,0.0006311384616994286,0.00010986399784864397,0.03258357588040602,0.008978156551848354
69,0.018692636489868165,0.0012766122817993164,0.792368125701459,0.7966106237338078,0.1,ovo,,linear,"{'C': 0.1, 'decision_function_shape': 'ovo', 'kernel': 'linear'}",47,0.8111111111111111,0.8102372034956304,0.7888888888888889,0.7965043695380774,0.797752808988764,0.8104738154613467,0.8651685393258427,0.7905236907730673,0.797752808988764,0.7980049875311721,0.7865168539325843,0.7955112219451371,0.7528089887640449,0.7905236907730673,0.7415730337078652,0.7980049875311721,0.8202247191011236,0.786783042394015,0.7613636363636364,0.7895392278953923,0.0006034088259868304,7.562975933027936e-05,0.03408532667148912,0.007769605754197327
70,0.043598389625549315,0.005272531509399414,0.7800224466891134,0.7922442009102955,0.1,ovo,,sigmoid,"{'C': 0.1, 'decision_function_shape': 'ovo', 'kernel': 'sigmoid'}",53,0.7222222222222222,0.797752808988764,0.7333333333333333,0.7965043695380774,0.7528089887640449,0.7942643391521197,0.8764044943820225,0.7805486284289277,0.7752808988764045,0.7880299251870324,0.8314606741573034,0.7905236907730673,0.797752808988764,0.7905236907730673,0.7528089887640449,0.7942643391521197,0.7865168539325843,0.7942643391521197,0.7727272727272727,0.7957658779576587,0.01513900108111872,0.003944096705999775,0.044055809936474885,0.0048332776692084885
71,0.037036681175231935,0.0033622026443481446,0.8047138047138047,0.8131983713460411,0.1,ovr,,rbf,"{'C': 0.1, 'decision_function_shape': 'ovr', 'kernel': 'rbf'}",45,0.8222222222222222,0.8239700374531835,0.7777777777777778,0.8277153558052435,0.7752808988764045,0.8204488778054863,0.8764044943820225,0.8054862842892768,0.8089887640449438,0.814214463840399,0.797752808988764,0.8192019950124688,0.7865168539325843,0.8017456359102244,0.7640449438202247,0.8067331670822943,0.8426966292134831,0.8117206982543641,0.7954545454545454,0.800747198007472,0.007873163277908218,8.451321206723936e-05,0.03258357588040602,0.008978156551848354
72,0.019401407241821288,0.0012703895568847655,0.792368125701459,0.7966106237338078,0.1,ovr,,linear,"{'C': 0.1, 'decision_function_shape': 'ovr', 'kernel': 'linear'}",47,0.8111111111111111,0.8102372034956304,0.7888888888888889,0.7965043695380774,0.797752808988764,0.8104738154613467,0.8651685393258427,0.7905236907730673,0.797752808988764,0.7980049875311721,0.7865168539325843,0.7955112219451371,0.7528089887640449,0.7905236907730673,0.7415730337078652,0.7980049875311721,0.8202247191011236,0.786783042394015,0.7613636363636364,0.7895392278953923,0.0003392234792291677,3.165983284663592e-05,0.03408532667148912,0.007769605754197327
73,0.036631321907043456,0.0035900115966796876,0.7800224466891134,0.7922442009102955,0.1,ovr,,sigmoid,"{'C': 0.1, 'decision_function_shape': 'ovr', 'kernel': 'sigmoid'}",53,0.7222222222222222,0.797752808988764,0.7333333333333333,0.7965043695380774,0.7528089887640449,0.7942643391521197,0.8764044943820225,0.7805486284289277,0.7752808988764045,0.7880299251870324,0.8314606741573034,0.7905236907730673,0.797752808988764,0.7905236907730673,0.7528089887640449,0.7942643391521197,0.7865168539325843,0.7942643391521197,0.7727272727272727,0.7957658779576587,0.0006643937992038347,6.372043296237836e-05,0.044055809936474885,0.0048332776692084885
74,0.028225183486938477,0.002397966384887695,0.8249158249158249,0.8287817680826424,1,ovo,,rbf,"{'C': 1, 'decision_function_shape': 'ovo', 'kernel': 'rbf'}",13,0.8222222222222222,0.8289637952559301,0.8444444444444444,0.8277153558052435,0.7865168539325843,0.8329177057356608,0.8651685393258427,0.8254364089775561,0.8426966292134831,0.8266832917705735,0.797752808988764,0.8329177057356608,0.8089887640449438,0.830423940149626,0.7752808988764045,0.830423940149626,0.8539325842696629,0.8254364089775561,0.8522727272727273,0.8268991282689913,0.0003521050461720207,3.595092875391374e-05,0.029717125501498243,0.0026665816761521012
75,0.03054041862487793,0.0012408256530761718,0.8125701459034792,0.8259145583832174,1,ovo,,linear,"{'C': 1, 'decision_function_shape': 'ovo', 'kernel': 'linear'}",39,0.7888888888888889,0.8314606741573034,0.8444444444444444,0.8239700374531835,0.7865168539325843,0.8354114713216958,0.8539325842696629,0.8229426433915212,0.8314606741573034,0.8254364089775561,0.7865168539325843,0.8291770573566085,0.7865168539325843,0.8216957605985037,0.7640449438202247,0.827930174563591,0.8539325842696629,0.8204488778054863,0.8295454545454546,0.8206724782067247,0.007798540121534936,6.653913576248706e-05,0.0316823395351961,0.004729172807170176
76,0.03369753360748291,0.0025461196899414064,0.7643097643097643,0.7772778656000222,1,ovo,,sigmoid,"{'C': 1, 'decision_function_shape': 'ovo', 'kernel': 'sigmoid'}",55,0.7444444444444445,0.7727840199750312,0.7555555555555555,0.7727840199750312,0.7303370786516854,0.78428927680798,0.8426966292134831,0.7693266832917706,0.7752808988764045,0.7830423940149626,0.7640449438202247,0.7817955112219451,0.7640449438202247,0.7780548628428927,0.7752808988764045,0.7780548628428927,0.7528089887640449,0.7755610972568578,0.7386363636363636,0.7770859277708593,0.011639521078303978,6.481836059163376e-05,0.029648249343635743,0.004589128208557453
77,0.030177831649780273,0.0024585962295532227,0.8249158249158249,0.8287817680826424,1,ovr,,rbf,"{'C': 1, 'decision_function_shape': 'ovr', 'kernel': 'rbf'}",13,0.8222222222222222,0.8289637952559301,0.8444444444444444,0.8277153558052435,0.7865168539325843,0.8329177057356608,0.8651685393258427,0.8254364089775561,0.8426966292134831,0.8266832917705735,0.797752808988764,0.8329177057356608,0.8089887640449438,0.830423940149626,0.7752808988764045,0.830423940149626,0.8539325842696629,0.8254364089775561,0.8522727272727273,0.8268991282689913,0.0032823204309921864,9.790010629946936e-05,0.029717125501498243,0.0026665816761521012
78,0.02877957820892334,0.0012344837188720704,0.8125701459034792,0.8259145583832174,1,ovr,,linear,"{'C': 1, 'decision_function_shape': 'ovr', 'kernel': 'linear'}",39,0.7888888888888889,0.8314606741573034,0.8444444444444444,0.8239700374531835,0.7865168539325843,0.8354114713216958,0.8539325842696629,0.8229426433915212,0.8314606741573034,0.8254364089775561,0.7865168539325843,0.8291770573566085,0.7865168539325843,0.8216957605985037,0.7640449438202247,0.827930174563591,0.8539325842696629,0.8204488778054863,0.8295454545454546,0.8206724782067247,0.003430504936367023,0.0001297340102272682,0.0316823395351961,0.004729172807170176
79,0.026349949836730956,0.002548694610595703,0.7643097643097643,0.7772778656000222,1,ovr,,sigmoid,"{'C': 1, 'decision_function_shape': 'ovr', 'kernel': 'sigmoid'}",55,0.7444444444444445,0.7727840199750312,0.7555555555555555,0.7727840199750312,0.7303370786516854,0.78428927680798,0.8426966292134831,0.7693266832917706,0.7752808988764045,0.7830423940149626,0.7640449438202247,0.7817955112219451,0.7640449438202247,0.7780548628428927,0.7752808988764045,0.7780548628428927,0.7528089887640449,0.7755610972568578,0.7386363636363636,0.7770859277708593,0.0006515037282296008,4.329644635754448e-05,0.029648249343635743,0.004589128208557453
80,0.04284458160400391,0.0022501468658447264,0.8327721661054994,0.8513537774864985,10,ovo,,rbf,"{'C': 10, 'decision_function_shape': 'ovo', 'kernel': 'rbf'}",1,0.8111111111111111,0.8514357053682896,0.8555555555555555,0.8526841448189763,0.7640449438202247,0.8640897755610972,0.8651685393258427,0.8528678304239401,0.8426966292134831,0.8453865336658354,0.8202247191011236,0.8541147132169576,0.8202247191011236,0.8466334164588528,0.8089887640449438,0.8541147132169576,0.8764044943820225,0.8453865336658354,0.8636363636363636,0.8468244084682441,0.02282414271942747,0.0002017049304504541,0.032534825261889146,0.005436295746659409
81,0.11334853172302246,0.0012076616287231446,0.813692480359147,0.8285330134116856,10,ovo,,linear,"{'C': 10, 'decision_function_shape': 'ovo', 'kernel': 'linear'}",35,0.8,0.83270911360799,0.8222222222222222,0.8264669163545568,0.7865168539325843,0.8366583541147132,0.8539325842696629,0.8204488778054863,0.8202247191011236,0.830423940149626,0.7865168539325843,0.8291770573566085,0.8089887640449438,0.827930174563591,0.7528089887640449,0.8316708229426434,0.8539325842696629,0.8254364089775561,0.8522727272727273,0.8244084682440846,0.026252151433646752,6.054161340719814e-05,0.03195396593939213,0.004403220090574509
82,0.021323537826538085,0.0018896341323852539,0.7194163860830527,0.7295160144269095,10,ovo,,sigmoid,"{'C': 10, 'decision_function_shape': 'ovo', 'kernel': 'sigmoid'}",61,0.7,0.7290886392009988,0.7222222222222222,0.7228464419475655,0.651685393258427,0.7381546134663342,0.8089887640449438,0.7182044887780549,0.6966292134831461,0.729426433915212,0.6741573033707865,0.7394014962593516,0.7865168539325843,0.7244389027431422,0.7528089887640449,0.7194513715710723,0.6966292134831461,0.7406483790523691,0.7045454545454546,0.7334993773349938,0.0012760499226680735,5.1342769812826065e-05,0.046795705001624256,0.007822042248120987
83,0.034917020797729494,0.002213859558105469,0.8327721661054994,0.8513537774864985,10,ovr,,rbf,"{'C': 10, 'decision_function_shape': 'ovr', 'kernel': 'rbf'}",1,0.8111111111111111,0.8514357053682896,0.8555555555555555,0.8526841448189763,0.7640449438202247,0.8640897755610972,0.8651685393258427,0.8528678304239401,0.8426966292134831,0.8453865336658354,0.8202247191011236,0.8541147132169576,0.8202247191011236,0.8466334164588528,0.8089887640449438,0.8541147132169576,0.8764044943820225,0.8453865336658354,0.8636363636363636,0.8468244084682441,0.0067436993424468995,0.00015265523646237553,0.032534825261889146,0.005436295746659409
84,0.10040042400360108,0.0011008739471435546,0.813692480359147,0.8285330134116856,10,ovr,,linear,"{'C': 10, 'decision_function_shape': 'ovr', 'kernel': 'linear'}",35,0.8,0.83270911360799,0.8222222222222222,0.8264669163545568,0.7865168539325843,0.8366583541147132,0.8539325842696629,0.8204488778054863,0.8202247191011236,0.830423940149626,0.7865168539325843,0.8291770573566085,0.8089887640449438,0.827930174563591,0.7528089887640449,0.8316708229426434,0.8539325842696629,0.8254364089775561,0.8522727272727273,0.8244084682440846,0.012941524257748827,0.0001667369794392952,0.03195396593939213,0.004403220090574509
85,0.023962068557739257,0.0019164800643920899,0.7194163860830527,0.7295160144269095,10,ovr,,sigmoid,"{'C': 10, 'decision_function_shape': 'ovr', 'kernel': 'sigmoid'}",61,0.7,0.7290886392009988,0.7222222222222222,0.7228464419475655,0.651685393258427,0.7381546134663342,0.8089887640449438,0.7182044887780549,0.6966292134831461,0.729426433915212,0.6741573033707865,0.7394014962593516,0.7865168539325843,0.7244389027431422,0.7528089887640449,0.7194513715710723,0.6966292134831461,0.7406483790523691,0.7045454545454546,0.7334993773349938,0.005542035570346069,4.715531958113337e-05,0.046795705001624256,0.007822042248120987
86,0.06303248405456544,0.002097630500793457,0.8260381593714927,0.8947499837772233,100,ovo,,rbf,"{'C': 100, 'decision_function_shape': 'ovo', 'kernel': 'rbf'}",11,0.8111111111111111,0.9013732833957553,0.8111111111111111,0.8888888888888888,0.7528089887640449,0.9052369077306733,0.8314606741573034,0.8927680798004988,0.8876404494382022,0.8840399002493765,0.8539325842696629,0.8965087281795511,0.8089887640449438,0.8940149625935162,0.7865168539325843,0.9002493765586035,0.8426966292134831,0.8890274314214464,0.875,0.8953922789539228,0.01049322482724768,8.370328970594041e-05,0.03859948516598539,0.00611446518687036
87,1.6369304418563844,0.0008741617202758789,0.8114478114478114,0.8264128441154132,100,ovo,,linear,"{'C': 100, 'decision_function_shape': 'ovo', 'kernel': 'linear'}",43,0.7888888888888889,0.8314606741573034,0.8222222222222222,0.818976279650437,0.7865168539325843,0.8354114713216958,0.8651685393258427,0.8204488778054863,0.8202247191011236,0.830423940149626,0.7865168539325843,0.8341645885286783,0.7752808988764045,0.8179551122194514,0.7528089887640449,0.830423940149626,0.8764044943820225,0.8254364089775561,0.8409090909090909,0.8194271481942715,0.9134387036808229,1.8526903211817297e-05,0.0382697761872471,0.006410001490344267
88,0.01969335079193115,0.001784682273864746,0.7104377104377104,0.7192917284759597,100,ovo,,sigmoid,"{'C': 100, 'decision_function_shape': 'ovo', 'kernel': 'sigmoid'}",63,0.7,0.7228464419475655,0.7333333333333333,0.7215980024968789,0.6404494382022472,0.7244389027431422,0.797752808988764,0.7107231920199502,0.6966292134831461,0.7231920199501247,0.6741573033707865,0.7206982543640897,0.7752808988764045,0.7044887780548629,0.7415730337078652,0.713216957605985,0.6741573033707865,0.726932668329177,0.6704545454545454,0.7247820672478207,0.0006924150834997261,0.00012453039684939853,0.04766023570517456,0.006925436161566614
89,0.06903717517852784,0.0021703243255615234,0.8260381593714927,0.8947499837772233,100,ovr,,rbf,"{'C': 100, 'decision_function_shape': 'ovr', 'kernel': 'rbf'}",11,0.8111111111111111,0.9013732833957553,0.8111111111111111,0.8888888888888888,0.7528089887640449,0.9052369077306733,0.8314606741573034,0.8927680798004988,0.8876404494382022,0.8840399002493765,0.8539325842696629,0.8965087281795511,0.8089887640449438,0.8940149625935162,0.7865168539325843,0.9002493765586035,0.8426966292134831,0.8890274314214464,0.875,0.8953922789539228,0.022287776959313353,0.0002570672194951966,0.03859948516598539,0.00611446518687036
90,1.6791333198547362,0.000942063331604004,0.8114478114478114,0.8264128441154132,100,ovr,,linear,"{'C': 100, 'decision_function_shape': 'ovr', 'kernel': 'linear'}",43,0.7888888888888889,0.8314606741573034,0.8222222222222222,0.818976279650437,0.7865168539325843,0.8354114713216958,0.8651685393258427,0.8204488778054863,0.8202247191011236,0.830423940149626,0.7865168539325843,0.8341645885286783,0.7752808988764045,0.8179551122194514,0.7528089887640449,0.830423940149626,0.8764044943820225,0.8254364089775561,0.8409090909090909,0.8194271481942715,0.8688147199104375,0.00013629846343501232,0.0382697761872471,0.006410001490344267
91,0.018587660789489747,0.0016757726669311523,0.7104377104377104,0.7192917284759597,100,ovr,,sigmoid,"{'C': 100, 'decision_function_shape': 'ovr', 'kernel': 'sigmoid'}",63,0.7,0.7228464419475655,0.7333333333333333,0.7215980024968789,0.6404494382022472,0.7244389027431422,0.797752808988764,0.7107231920199502,0.6966292134831461,0.7231920199501247,0.6741573033707865,0.7206982543640897,0.7752808988764045,0.7044887780548629,0.7415730337078652,0.713216957605985,0.6741573033707865,0.726932668329177,0.6704545454545454,0.7247820672478207,0.0029678232949447545,0.00023098417317759991,0.04766023570517456,0.006925436161566614
92,0.27711546421051025,0.0019962310791015623,0.8226711560044894,0.9127077469672382,1000,ovo,,rbf,"{'C': 1000, 'decision_function_shape': 'ovo', 'kernel': 'rbf'}",23,0.7666666666666667,0.916354556803995,0.8444444444444444,0.9101123595505618,0.7303370786516854,0.9251870324189526,0.8202247191011236,0.9089775561097256,0.9101123595505618,0.9102244389027432,0.8426966292134831,0.9077306733167082,0.8202247191011236,0.9164588528678305,0.7865168539325843,0.9114713216957606,0.8426966292134831,0.9102244389027432,0.8636363636363636,0.9103362391033624,0.08462176955372004,0.0001665320512143145,0.048555780283708966,0.004980066661541322
93,12.796718502044678,0.000881028175354004,0.813692480359147,0.8264128441154132,1000,ovo,,linear,"{'C': 1000, 'decision_function_shape': 'ovo', 'kernel': 'linear'}",35,0.7888888888888889,0.8302122347066168,0.8222222222222222,0.8202247191011236,0.7865168539325843,0.8354114713216958,0.8651685393258427,0.8204488778054863,0.8202247191011236,0.8291770573566085,0.7865168539325843,0.8341645885286783,0.7865168539325843,0.8204488778054863,0.7528089887640449,0.8291770573566085,0.8876404494382022,0.8254364089775561,0.8409090909090909,0.8194271481942715,5.766813456202861,1.3851298703485815e-05,0.03936218658055107,0.005744266743125894
94,0.016915106773376466,0.0014780044555664062,0.7081930415263749,0.7186673538602705,1000,ovo,,sigmoid,"{'C': 1000, 'decision_function_shape': 'ovo', 'kernel': 'sigmoid'}",65,0.7,0.7191011235955056,0.7333333333333333,0.7203495630461922,0.6404494382022472,0.726932668329177,0.7865168539325843,0.7094763092269327,0.6853932584269663,0.7206982543640897,0.6741573033707865,0.7169576059850374,0.7752808988764045,0.7069825436408977,0.7303370786516854,0.7107231920199502,0.6741573033707865,0.7281795511221946,0.6818181818181818,0.7272727272727273,0.003391182422365555,0.00030139917950737776,0.044636413219529006,0.00725972002786016
95,0.22044839859008789,0.0018047809600830079,0.8226711560044894,0.9127077469672382,1000,ovr,,rbf,"{'C': 1000, 'decision_function_shape': 'ovr', 'kernel': 'rbf'}",23,0.7666666666666667,0.916354556803995,0.8444444444444444,0.9101123595505618,0.7303370786516854,0.9251870324189526,0.8202247191011236,0.9089775561097256,0.9101123595505618,0.9102244389027432,0.8426966292134831,0.9077306733167082,0.8202247191011236,0.9164588528678305,0.7865168539325843,0.9114713216957606,0.8426966292134831,0.9102244389027432,0.8636363636363636,0.9103362391033624,0.07741444143433582,0.0003252252238294727,0.048555780283708966,0.004980066661541322
96,12.680247712135316,0.0008727312088012695,0.813692480359147,0.8264128441154132,1000,ovr,,linear,"{'C': 1000, 'decision_function_shape': 'ovr', 'kernel': 'linear'}",35,0.7888888888888889,0.8302122347066168,0.8222222222222222,0.8202247191011236,0.7865168539325843,0.8354114713216958,0.8651685393258427,0.8204488778054863,0.8202247191011236,0.8291770573566085,0.7865168539325843,0.8341645885286783,0.7865168539325843,0.8204488778054863,0.7528089887640449,0.8291770573566085,0.8876404494382022,0.8254364089775561,0.8409090909090909,0.8194271481942715,5.589263550386347,3.222608781832094e-05,0.03936218658055107,0.005744266743125894
97,0.015747904777526855,0.0014368057250976562,0.7081930415263749,0.7186673538602705,1000,ovr,,sigmoid,"{'C': 1000, 'decision_function_shape': 'ovr', 'kernel': 'sigmoid'}",65,0.7,0.7191011235955056,0.7333333333333333,0.7203495630461922,0.6404494382022472,0.726932668329177,0.7865168539325843,0.7094763092269327,0.6853932584269663,0.7206982543640897,0.6741573033707865,0.7169576059850374,0.7752808988764045,0.7069825436408977,0.7303370786516854,0.7107231920199502,0.6741573033707865,0.7281795511221946,0.6818181818181818,0.7272727272727273,0.0031330734874265237,0.0002469978783294058,0.044636413219529006,0.00725972002786016
