PassengerId,Pclass,Survived,AgeStandard,FareStandard,SibSp,Parch,male,C,Missing_Embark,Q,S,A_deck,B_deck,C_deck,D_deck,E_deck,F_deck,G_deck,Missing_Deck,T_deck
1,3,0,-0.6744897501960817,-1.382994127100638,0.3010299956639812,0.0,1,0,0,0,1,0,0,0,0,0,0,0,1,0
2,1,1,0.8122178014999129,1.1783889616137806,0.3010299956639812,0.0,0,1,0,0,0,0,0,1,0,0,0,0,0,0
3,3,1,0.0,-0.649863538956174,0.0,0.0,0,0,0,0,1,0,0,0,0,0,0,0,1,0
4,1,1,0.5485222826980978,0.9674215661017008,0.3010299956639812,0.0,0,0,0,0,1,0,0,1,0,0,0,0,0,0
5,3,0,0.5485222826980978,-0.5485222826980981,0.0,0.0,1,0,0,0,1,0,0,0,0,0,0,0,1,0
6,3,0,-0.2641469768259236,-0.46925922933602554,0.0,0.0,1,0,0,1,0,0,0,0,0,0,0,0,1,0
7,1,0,1.5932188180230542,0.9522460290518805,0.0,0.0,1,0,0,0,1,0,0,0,0,1,0,0,0,0
8,3,0,-2.149768904909605,0.22538687441273753,0.6020599913279624,0.3010299956639812,1,0,0,0,1,0,0,0,0,0,0,0,1,0
9,3,1,0.10463345561407526,-0.2645454005017803,0.0,0.47712125471966244,0,0,0,0,1,0,0,0,0,0,0,0,1,0
10,2,1,-1.410699178450397,0.6307038186119053,0.3010299956639812,0.0,0,1,0,0,0,0,0,0,0,0,0,0,1,0
11,3,1,-1.8378802347660605,0.12354507242772668,0.3010299956639812,0.3010299956639812,0,0,0,0,1,0,0,0,0,0,0,1,0,0
12,1,1,1.7720341481691486,0.4676543823538879,0.0,0.0,0,0,0,0,1,0,0,1,0,0,0,0,0,0
13,3,0,-0.887146559018876,-0.5485222826980981,0.0,0.0,1,0,0,0,1,0,0,0,0,0,0,0,1,0
14,3,0,0.8616341201741718,0.6744897501960817,0.3010299956639812,0.7781512503836436,1,0,0,0,1,0,0,0,0,0,0,0,1,0
15,3,0,-1.410699178450397,-0.8122178014999131,0.0,0.0,0,0,0,0,1,0,0,0,0,0,0,0,1,0
16,2,1,1.6584720610356294,0.10796788914956672,0.0,0.0,0,0,0,0,1,0,0,0,0,0,0,0,1,0
17,3,0,-2.149768904909605,0.59714609685134,0.6989700043360189,0.3010299956639812,1,0,0,1,0,0,0,0,0,0,0,0,1,0
18,2,1,0.31863936396437514,-0.1046334556140754,0.0,0.0,1,0,0,0,1,0,0,0,0,0,0,0,1,0
19,3,0,0.37409541019772335,0.15255679912047865,0.3010299956639812,0.0,0,0,0,0,1,0,0,0,0,0,0,0,1,0
20,3,1,-0.2641469768259236,-1.731664396122245,0.0,0.0,0,1,0,0,0,0,0,0,0,0,0,0,1,0
21,2,0,0.5485222826980978,0.43072729929545744,0.0,0.0,1,0,0,0,1,0,0,0,0,0,0,0,1,0
22,2,1,0.5084880591093566,-0.1046334556140754,0.0,0.0,1,0,0,0,1,0,0,0,1,0,0,0,0,0
23,3,1,-1.3829941271006372,-0.56497242447092,0.0,0.0,0,0,0,1,0,0,0,0,0,0,0,0,1,0
24,1,1,0.1573106846101707,0.7426267184790132,0.0,0.0,1,0,0,0,1,1,0,0,0,0,0,0,0,0
25,3,0,-1.6057296060590078,0.22538687441273753,0.6020599913279624,0.3010299956639812,0,0,0,0,1,0,0,0,0,0,0,0,1,0
26,3,1,0.8122178014999129,0.6762626942651104,0.3010299956639812,0.7781512503836436,0,0,0,0,1,0,0,0,0,0,0,0,1,0
27,3,0,-0.2641469768259236,-1.731664396122245,0.0,0.0,1,1,0,0,0,0,0,0,0,0,0,0,1,0
28,1,0,-0.967421566101701,1.9163123875534662,0.6020599913279624,0.47712125471966244,1,0,0,0,1,0,0,1,0,0,0,0,0,0
29,3,1,-0.2641469768259236,-0.7277824083108418,0.0,0.0,0,0,0,1,0,0,0,0,0,0,0,0,1,0
30,3,0,-0.2641469768259236,-0.6744897501960817,0.0,0.0,1,0,0,0,1,0,0,0,0,0,0,0,1,0
31,1,0,0.9132499266836088,0.5485222826980978,0.0,0.0,1,1,0,0,0,0,0,0,0,0,0,0,1,0
32,1,1,0.8122178014999129,1.7439276659826752,0.3010299956639812,0.0,0,1,0,0,0,0,1,0,0,0,0,0,0,0
33,3,1,-0.2641469768259236,-1.1503493803760079,0.0,0.0,0,0,0,1,0,0,0,0,0,0,0,0,1,0
34,2,0,1.9719868201056865,-0.2948912713722954,0.0,0.0,1,0,0,0,1,0,0,0,0,0,0,0,1,0
35,1,0,0.1573106846101707,1.3809474939116078,0.3010299956639812,0.0,1,1,0,0,0,0,0,0,0,0,0,0,1,0
36,1,0,1.009990169249582,0.9539213473963434,0.3010299956639812,0.0,1,0,0,0,1,0,0,0,0,0,0,0,1,0
37,3,1,-0.2641469768259236,-1.6579213940603703,0.0,0.0,1,1,0,0,0,0,0,0,0,0,0,0,1,0
38,3,0,-0.8122178014999131,-0.5485222826980981,0.0,0.0,1,0,0,0,1,0,0,0,0,0,0,0,1,0
39,3,0,-1.1503493803760079,0.15255679912047865,0.47712125471966244,0.0,0,0,0,0,1,0,0,0,0,0,0,0,1,0
40,3,1,-1.410699178450397,-0.2593762904238669,0.3010299956639812,0.0,0,1,0,0,0,0,0,0,0,0,0,0,1,0
41,3,0,0.9132499266836088,-0.3625012223192731,0.3010299956639812,0.0,0,0,0,0,1,0,0,0,0,0,0,0,1,0
42,2,0,0.10463345561407526,0.22313996679010467,0.3010299956639812,0.0,0,0,0,0,1,0,0,0,0,0,0,0,1,0
43,3,0,-0.2641469768259236,-0.6744897501960817,0.0,0.0,1,1,0,0,0,0,0,0,0,0,0,0,1,0
44,2,1,-1.970101168076067,0.8337011982977196,0.3010299956639812,0.47712125471966244,0,1,0,0,0,0,0,0,0,0,0,0,1,0
45,3,1,-0.967421566101701,-0.7277824083108418,0.0,0.0,0,0,0,1,0,0,0,0,0,0,0,0,1,0
46,3,0,-0.2641469768259236,-0.5485222826980981,0.0,0.0,1,0,0,0,1,0,0,0,0,0,0,0,1,0
47,3,0,-0.2641469768259236,0.07833360323036327,0.3010299956639812,0.0,1,0,0,1,0,0,0,0,0,0,0,0,1,0
48,3,1,-0.2641469768259236,-1.1503493803760079,0.0,0.0,0,0,0,1,0,0,0,0,0,0,0,0,1,0
49,3,0,-0.2641469768259236,0.24353057098914563,0.47712125471966244,0.0,1,1,0,0,0,0,0,0,0,0,0,0,1,0
50,3,0,-1.1503493803760079,0.14808570315121047,0.3010299956639812,0.0,0,0,0,0,1,0,0,0,0,0,0,0,1,0
51,3,0,-1.6448536269514729,0.8131596275295975,0.6989700043360189,0.3010299956639812,1,0,0,0,1,0,0,0,0,0,0,0,1,0
52,3,0,-0.8122178014999131,-0.916055002418775,0.0,0.0,1,0,0,0,1,0,0,0,0,0,0,0,1,0
53,1,1,1.330561513178906,1.273179786185294,0.3010299956639812,0.0,0,1,0,0,0,0,0,0,1,0,0,0,0,0
54,2,1,0.21042839424792456,0.43072729929545744,0.3010299956639812,0.0,0,0,0,0,1,0,0,0,0,0,0,0,1,0
55,1,0,1.9424443284238977,1.0617425355201418,0.0,0.3010299956639812,1,1,0,0,0,0,1,0,0,0,0,0,0,0
56,1,1,0.8122178014999129,0.7426267184790132,0.0,0.0,1,0,0,0,1,0,0,1,0,0,0,0,0,0
57,2,1,-0.8122178014999131,-0.2948912713722954,0.0,0.0,0,0,0,0,1,0,0,0,0,0,0,0,1,0
58,3,0,0.18380470283773812,-1.6579213940603703,0.0,0.0,1,1,0,0,0,0,0,0,0,0,0,0,1,0
59,2,1,-1.731664396122245,0.549519921014744,0.3010299956639812,0.47712125471966244,0,0,0,0,1,0,0,0,0,0,0,0,1,0
60,3,0,-1.5010859460440242,0.8934711068963973,0.7781512503836436,0.47712125471966244,1,0,0,0,1,0,0,0,0,0,0,0,1,0
61,3,0,-0.6744897501960817,-1.6579213940603703,0.0,0.0,1,1,0,0,0,0,0,0,0,0,0,0,1,0
62,1,1,0.8122178014999129,1.336088054243068,0.0,0.0,0,0,1,0,0,0,1,0,0,0,0,0,0,0
63,1,0,1.1503493803760079,1.3890434539494185,0.3010299956639812,0.0,1,0,0,0,1,0,0,1,0,0,0,0,0,0
64,3,0,-1.8378802347660605,0.5546534360049911,0.6020599913279624,0.47712125471966244,1,0,0,0,1,0,0,0,0,0,0,0,1,0
65,1,0,0.8122178014999129,0.5485222826980978,0.0,0.0,1,1,0,0,0,0,0,0,0,0,0,0,1,0
66,3,1,-0.2641469768259236,0.05926734550309265,0.3010299956639812,0.3010299956639812,1,1,0,0,0,0,0,0,0,0,0,0,1,0
67,2,1,0.21042839424792456,-0.2948912713722954,0.0,0.0,0,0,0,0,1,0,0,0,0,0,1,0,0,0
68,3,0,-0.967421566101701,-0.5271808191408538,0.0,0.0,1,0,0,0,1,0,0,0,0,0,0,0,1,0
69,3,1,-1.2206403488473496,-0.649863538956174,0.6989700043360189,0.47712125471966244,0,0,0,0,1,0,0,0,0,0,0,0,1,0
70,3,0,0.0,-0.43072729929545756,0.47712125471966244,0.0,1,0,0,0,1,0,0,0,0,0,0,0,1,0
71,2,0,0.43072729929545744,-0.2948912713722954,0.0,0.0,1,0,0,0,1,0,0,0,0,0,0,0,1,0
72,3,0,-1.2975429286165532,0.8934711068963973,0.7781512503836436,0.47712125471966244,0,0,0,0,1,0,0,0,0,0,0,0,1,0
73,2,0,-0.8122178014999131,1.2156575480117222,0.0,0.0,1,0,0,0,1,0,0,0,0,0,0,0,1,0
74,3,0,0.0,0.0,0.3010299956639812,0.0,1,1,0,0,0,0,0,0,0,0,0,0,1,0
75,3,1,0.43072729929545744,1.0024408953397494,0.0,0.0,1,0,0,0,1,0,0,0,0,0,0,0,1,0
76,3,0,-0.2641469768259236,-1.191816171681394,0.0,0.0,1,0,0,0,1,0,0,0,0,0,1,0,0,0
77,3,0,-0.2641469768259236,-0.6744897501960817,0.0,0.0,1,0,0,0,1,0,0,0,0,0,0,0,1,0
78,3,0,-0.2641469768259236,-0.5485222826980981,0.0,0.0,1,0,0,0,1,0,0,0,0,0,0,0,1,0
79,2,1,-2.530587632891044,0.5927616914298062,0.0,0.47712125471966244,1,0,0,0,1,0,0,0,0,0,0,0,1,0
80,3,1,0.31863936396437514,-0.1810582697608222,0.0,0.0,0,0,0,0,1,0,0,0,0,0,0,0,1,0
81,3,0,-0.6744897501960817,-0.40216171354547575,0.0,0.0,1,0,0,0,1,0,0,0,0,0,0,0,1,0
82,3,1,0.21042839424792456,-0.3604300790482675,0.0,0.0,1,0,0,0,1,0,0,0,0,0,0,0,1,0
83,3,1,-0.2641469768259236,-0.9414277658702964,0.0,0.0,0,0,0,1,0,0,0,0,0,0,0,0,1,0
84,1,0,0.1573106846101707,0.895779818883589,0.0,0.0,1,0,0,0,1,0,0,0,0,0,0,0,1,0
85,2,1,-1.2206403488473496,-0.2948912713722954,0.0,0.0,0,0,0,0,1,0,0,0,0,0,0,0,1,0
86,3,1,0.46925288381280184,0.10463345561407526,0.6020599913279624,0.0,0,0,0,0,1,0,0,0,0,0,0,0,1,0
87,3,0,-1.2975429286165532,0.7241576272674786,0.3010299956639812,0.6020599913279624,1,0,0,0,1,0,0,0,0,0,0,0,1,0
88,3,0,-0.2641469768259236,-0.5485222826980981,0.0,0.0,1,0,0,0,1,0,0,0,0,0,0,0,1,0
89,1,1,-0.6102946101863327,1.9163123875534662,0.6020599913279624,0.47712125471966244,0,0,0,0,1,0,0,1,0,0,0,0,0,0
90,3,0,-0.5485222826980981,-0.5485222826980981,0.0,0.0,1,0,0,0,1,0,0,0,0,0,0,0,1,0
91,3,0,0.21042839424792456,-0.5485222826980981,0.0,0.0,1,0,0,0,1,0,0,0,0,0,0,0,1,0
92,3,0,-0.887146559018876,-0.8122178014999131,0.0,0.0,1,0,0,0,1,0,0,0,0,0,0,0,1,0
93,1,0,1.1918161716813969,1.0528133502737491,0.3010299956639812,0.0,1,0,0,0,1,0,0,0,0,1,0,0,0,0
94,3,0,0.0,0.21042839424792456,0.3010299956639812,0.47712125471966244,1,0,0,0,1,0,0,0,0,0,0,0,1,0
95,3,0,1.7933519429410234,-1.382994127100638,0.0,0.0,1,0,0,0,1,0,0,0,0,0,0,0,1,0
96,3,0,-0.2641469768259236,-0.5485222826980981,0.0,0.0,1,0,0,0,1,0,0,0,0,0,0,0,1,0
97,1,0,2.1538746940614564,0.7287180092998863,0.0,0.0,1,1,0,0,0,1,0,0,0,0,0,0,0,0
98,1,1,-0.6102946101863327,1.077255220892224,0.0,0.3010299956639812,1,1,0,0,0,0,0,0,1,0,0,0,0,0
99,2,1,0.5084880591093566,0.28348311043632296,0.0,0.3010299956639812,0,0,0,0,1,0,0,0,0,0,0,0,1,0
100,2,0,0.5084880591093566,0.43072729929545744,0.3010299956639812,0.0,1,0,0,0,1,0,0,0,0,0,0,0,1,0
101,3,0,0.1573106846101707,-0.6744897501960817,0.0,0.0,0,0,0,0,1,0,0,0,0,0,0,0,1,0
102,3,0,-0.2641469768259236,-0.6744897501960817,0.0,0.0,1,0,0,0,1,0,0,0,0,0,0,0,1,0
103,1,0,-0.8122178014999131,1.2835607893116951,0.0,0.3010299956639812,1,0,0,0,1,0,0,0,1,0,0,0,0,0
104,3,0,0.46925288381280184,-0.4322806968243306,0.0,0.0,1,0,0,0,1,0,0,0,0,0,0,0,1,0
105,3,0,0.6744897501960817,-0.649863538956174,0.47712125471966244,0.0,1,0,0,0,1,0,0,0,0,0,0,0,1,0
106,3,0,0.1573106846101707,-0.6744897501960817,0.0,0.0,1,0,0,0,1,0,0,0,0,0,0,0,1,0
107,3,1,-0.8122178014999131,-1.191816171681394,0.0,0.0,0,0,0,0,1,0,0,0,0,0,0,0,1,0
108,3,1,-0.2641469768259236,-0.967421566101701,0.0,0.0,1,0,0,0,1,0,0,0,0,0,0,0,1,0
109,3,0,0.8122178014999129,-0.6744897501960817,0.0,0.0,1,0,0,0,1,0,0,0,0,0,0,0,1,0
110,3,1,-0.2641469768259236,0.31863936396437514,0.3010299956639812,0.0,0,0,0,1,0,0,0,0,0,0,0,0,1,0
111,1,0,1.2354403415612554,0.9539213473963434,0.0,0.0,1,0,0,0,1,0,0,1,0,0,0,0,0,0
112,3,0,-1.3967126453904506,0.0,0.3010299956639812,0.0,0,1,0,0,0,0,0,0,0,0,0,0,1,0
113,3,0,-0.6744897501960817,-0.5485222826980981,0.0,0.0,1,0,0,0,1,0,0,0,0,0,0,0,1,0
114,3,0,-0.887146559018876,-0.33364179783045994,0.3010299956639812,0.0,0,0,0,0,1,0,0,0,0,0,0,0,1,0
115,3,0,-1.2206403488473496,0.00030678870203474214,0.0,0.0,0,1,0,0,0,0,0,0,0,0,0,0,1,0
116,3,0,-0.8122178014999131,-0.649863538956174,0.0,0.0,1,0,0,0,1,0,0,0,0,0,0,0,1,0
117,3,0,2.1322522995181385,-1.1503493803760079,0.0,0.0,1,0,0,1,0,0,0,0,0,0,0,0,1,0
118,2,0,0.21042839424792456,0.22313996679010467,0.3010299956639812,0.0,1,0,0,0,1,0,0,0,0,0,0,0,1,0
119,1,0,-0.5485222826980981,1.8899837786880713,0.0,0.3010299956639812,1,1,0,0,0,0,1,0,0,0,0,0,0,0
120,3,0,-2.149768904909605,0.6744897501960817,0.6989700043360189,0.47712125471966244,0,0,0,0,1,0,0,0,0,0,0,0,1,0
121,2,0,-0.8122178014999131,1.2156575480117222,0.47712125471966244,0.0,1,0,0,0,1,0,0,0,0,0,0,0,1,0
122,3,0,-0.2641469768259236,-0.5485222826980981,0.0,0.0,1,0,0,0,1,0,0,0,0,0,0,0,1,0
123,2,0,0.44990661476922794,0.6307038186119053,0.3010299956639812,0.0,1,1,0,0,0,0,0,0,0,0,0,0,1,0
124,2,1,0.44990661476922794,-0.1046334556140754,0.0,0.0,0,0,0,0,1,0,0,0,0,1,0,0,0,0
125,1,0,1.5932188180230542,1.2835607893116951,0.0,0.3010299956639812,1,0,0,0,1,0,0,0,1,0,0,0,0,0
126,3,1,-1.4696127443195992,-0.2593762904238669,0.3010299956639812,0.0,1,1,0,0,0,0,0,0,0,0,0,0,1,0
127,3,0,-0.2641469768259236,-1.1503493803760079,0.0,0.0,1,0,0,1,0,0,0,0,0,0,0,0,1,0
128,3,1,-0.5485222826980981,-1.7370828444546573,0.0,0.0,1,0,0,0,1,0,0,0,0,0,0,0,1,0
129,3,1,-0.2641469768259236,0.2640199206440549,0.3010299956639812,0.3010299956639812,0,1,0,0,0,0,0,0,0,0,1,0,0,0
130,3,0,1.1503493803760079,-1.7480820137744881,0.0,0.0,1,0,0,0,1,0,0,0,0,0,0,0,1,0
131,3,0,0.46925288381280184,-0.6744897501960817,0.0,0.0,1,1,0,0,0,0,0,0,0,0,0,0,1,0
132,3,0,-0.887146559018876,-1.743107270338234,0.0,0.0,1,0,0,0,1,0,0,0,0,0,0,0,1,0
133,3,0,1.2354403415612554,0.0034270609358222196,0.3010299956639812,0.0,0,0,0,0,1,0,0,0,0,0,0,0,1,0
134,2,1,0.21042839424792456,0.43072729929545744,0.3010299956639812,0.0,0,0,0,0,1,0,0,0,0,0,0,0,1,0
135,2,0,-0.2641469768259236,-0.1046334556140754,0.0,0.0,1,0,0,0,1,0,0,0,0,0,0,0,1,0
136,2,0,-0.6102946101863327,0.04428183185590994,0.0,0.0,1,1,0,0,0,0,0,0,0,0,0,0,1,0
137,1,1,-0.967421566101701,0.4496715717007677,0.0,0.47712125471966244,0,0,0,0,1,0,0,0,1,0,0,0,0,0
138,1,0,0.6744897501960817,0.9674215661017008,0.3010299956639812,0.0,1,0,0,0,1,0,0,1,0,0,0,0,0,0
139,3,0,-1.2975429286165532,-0.38399344474967745,0.0,0.0,1,0,0,0,1,0,0,0,0,0,0,0,1,0
140,1,0,-0.5485222826980981,1.320215901733085,0.0,0.0,1,1,0,0,0,0,1,0,0,0,0,0,0,0
141,3,0,-0.2641469768259236,0.05926734550309265,0.0,0.47712125471966244,0,1,0,0,0,0,0,0,0,0,0,0,1,0
142,3,1,-0.6744897501960817,-1.1503493803760079,0.0,0.0,0,0,0,0,1,0,0,0,0,0,0,0,1,0
143,3,1,-0.5485222826980981,0.10463345561407526,0.3010299956639812,0.0,0,0,0,0,1,0,0,0,0,0,0,0,1,0
144,3,0,-0.967421566101701,-1.7632717277898948,0.0,0.0,1,0,0,1,0,0,0,0,0,0,0,0,1,0
145,2,0,-1.1503493803760079,-0.247086727471265,0.0,0.0,1,0,0,0,1,0,0,0,0,0,0,0,1,0
146,2,0,-0.967421566101701,0.7634497909536336,0.3010299956639812,0.3010299956639812,1,0,0,0,1,0,0,0,0,0,0,0,1,0
147,3,1,0.10463345561407526,-0.9245138281980756,0.0,0.0,1,0,0,0,1,0,0,0,0,0,0,0,1,0
148,3,0,-1.5689196324989263,0.7241576272674786,0.47712125471966244,0.47712125471966244,0,0,0,0,1,0,0,0,0,0,0,0,1,0
149,2,0,0.6420613752765009,0.43072729929545744,0.0,0.47712125471966244,1,0,0,0,1,0,0,0,0,0,1,0,0,0
150,2,0,1.009990169249582,-0.1046334556140754,0.0,0.0,1,0,0,0,1,0,0,0,0,0,0,0,1,0
151,2,0,1.42978833594553,-0.1737410619117729,0.0,0.0,1,0,0,0,1,0,0,0,0,0,0,0,1,0
152,1,1,-0.6744897501960817,1.1147810111915324,0.3010299956639812,0.0,0,0,0,0,1,0,0,1,0,0,0,0,0,0
153,3,0,1.6939342499250731,-0.5485222826980981,0.0,0.0,1,0,0,0,1,0,0,0,0,0,0,0,1,0
154,3,0,0.9399909121894655,0.0034270609358222196,0.0,0.47712125471966244,1,0,0,0,1,0,0,0,0,0,0,0,1,0
155,3,0,-0.2641469768259236,-1.3497900626065393,0.0,0.0,1,0,0,0,1,0,0,0,0,0,0,0,1,0
156,1,0,1.42978833594553,1.0550726547998452,0.0,0.3010299956639812,1,1,0,0,0,0,0,0,0,0,0,0,1,0
157,3,1,-1.2975429286165532,-1.1571363276834234,0.0,0.0,0,0,0,1,0,0,0,0,0,0,0,0,1,0
158,3,0,0.31863936396437514,-0.5485222826980981,0.0,0.0,1,0,0,0,1,0,0,0,0,0,0,0,1,0
159,3,0,-0.2641469768259236,-0.43072729929545756,0.0,0.0,1,0,0,0,1,0,0,0,0,0,0,0,1,0
160,3,0,-0.2641469768259236,1.1503493803760079,0.9542425094393249,0.47712125471966244,1,0,0,0,1,0,0,0,0,0,0,0,1,0
161,3,0,1.1011455083738528,0.11019150964631995,0.0,0.3010299956639812,1,0,0,0,1,0,0,0,0,0,0,0,1,0
162,2,1,0.9132499266836088,0.09711262053943596,0.0,0.0,0,0,0,0,1,0,0,0,0,0,0,0,1,0
163,3,0,0.0,-0.967421566101701,0.0,0.0,1,0,0,0,1,0,0,0,0,0,0,0,1,0
164,3,0,-1.2206403488473496,-0.43072729929545756,0.0,0.0,1,0,0,0,1,0,0,0,0,0,0,0,1,0
165,3,0,-2.449128853944237,0.8131596275295975,0.6989700043360189,0.3010299956639812,1,0,0,0,1,0,0,0,0,0,0,0,1,0
166,3,1,-1.5689196324989263,0.20929857062027762,0.0,0.47712125471966244,1,0,0,0,1,0,0,0,0,0,0,0,1,0
167,1,1,0.8122178014999129,0.9868662598174517,0.0,0.3010299956639812,0,0,0,0,1,0,0,0,0,1,0,0,0,0
168,3,0,1.1503493803760079,0.5546534360049911,0.3010299956639812,0.6989700043360189,0,0,0,0,1,0,0,0,0,0,0,0,1,0
169,1,0,0.8122178014999129,0.42608618689564076,0.0,0.0,1,0,0,0,1,0,0,0,0,0,0,0,1,0
170,3,0,0.1573106846101707,1.0024408953397494,0.0,0.0,1,0,0,0,1,0,0,0,0,0,0,0,1,0
171,1,0,1.8386123585829448,0.7099619570285112,0.0,0.0,1,0,0,0,1,0,1,0,0,0,0,0,0,0
172,3,0,-1.8378802347660605,0.59714609685134,0.6989700043360189,0.3010299956639812,1,0,0,1,0,0,0,0,0,0,0,0,1,0
173,3,1,-2.449128853944237,-0.2645454005017803,0.3010299956639812,0.3010299956639812,0,0,0,0,1,0,0,0,0,0,0,0,1,0
174,3,0,-0.8122178014999131,-0.649863538956174,0.0,0.0,1,0,0,0,1,0,0,0,0,0,0,0,1,0
175,1,0,1.7316643961222447,0.6532731833480998,0.0,0.0,1,1,0,0,0,1,0,0,0,0,0,0,0,0
176,3,0,-1.1503493803760079,-0.8122178014999131,0.3010299956639812,0.3010299956639812,1,0,0,0,1,0,0,0,0,0,0,0,1,0
177,3,0,-0.2641469768259236,0.3979199562624894,0.6020599913279624,0.3010299956639812,1,0,0,0,1,0,0,0,0,0,0,0,1,0
178,1,0,1.382994127100648,0.5827204566248133,0.0,0.0,0,1,0,0,0,0,0,1,0,0,0,0,0,0
179,2,0,0.31863936396437514,-0.1046334556140754,0.0,0.0,1,0,0,0,1,0,0,0,0,0,0,0,1,0
180,3,0,0.6102946101863326,-5.199337582605575,0.0,0.0,1,0,0,0,1,0,0,0,0,0,0,0,1,0
181,3,0,-0.2641469768259236,1.1503493803760079,0.9542425094393249,0.47712125471966244,0,0,0,0,1,0,0,0,0,0,0,0,1,0
182,2,0,0.31863936396437514,0.044596413675963745,0.0,0.0,1,1,0,0,0,0,0,0,0,0,0,0,1,0
183,3,0,-1.5689196324989263,0.6762626942651104,0.6989700043360189,0.47712125471966244,1,0,0,0,1,0,0,0,0,0,0,0,1,0
184,2,1,-2.449128853944237,0.8017930619434842,0.47712125471966244,0.3010299956639812,1,0,0,0,1,0,0,0,0,0,1,0,0,0
185,3,1,-1.8378802347660605,0.25395050049535567,0.0,0.47712125471966244,0,0,0,0,1,0,0,0,0,0,0,0,1,0
186,1,0,0.8122178014999129,0.9298106410844176,0.0,0.0,1,0,0,0,1,1,0,0,0,0,0,0,0,0
187,3,1,-0.2641469768259236,0.07833360323036327,0.3010299956639812,0.0,0,0,0,1,0,0,0,0,0,0,0,0,1,0
188,1,1,1.1503493803760079,0.4676543823538879,0.0,0.0,1,0,0,0,1,0,0,0,0,0,0,0,1,0
189,3,0,0.9132499266836088,0.07833360323036327,0.3010299956639812,0.3010299956639812,1,0,0,1,0,0,0,0,0,0,0,0,1,0
190,3,0,0.6102946101863326,-0.6744897501960817,0.0,0.0,1,0,0,0,1,0,0,0,0,0,0,0,1,0
191,2,1,0.43072729929545744,-0.1046334556140754,0.0,0.0,0,0,0,0,1,0,0,0,0,0,0,0,1,0
192,2,0,-0.967421566101701,-0.1046334556140754,0.0,0.0,1,0,0,0,1,0,0,0,0,0,0,0,1,0
193,3,1,-0.967421566101701,-0.8122178014999131,0.3010299956639812,0.0,0,0,0,0,1,0,0,0,0,0,0,0,1,0
194,2,1,-1.970101168076067,0.43072729929545744,0.3010299956639812,0.3010299956639812,1,0,0,0,1,0,0,0,0,0,1,0,0,0
195,1,1,1.1011455083738528,0.5485222826980978,0.0,0.0,0,1,0,0,0,0,1,0,0,0,0,0,0,0
196,1,1,1.7720341481691486,1.7439276659826752,0.0,0.0,0,1,0,0,0,0,1,0,0,0,0,0,0,0
197,3,0,-0.2641469768259236,-1.1503493803760079,0.0,0.0,1,0,0,1,0,0,0,0,0,0,0,0,1,0
198,3,0,1.009990169249582,-0.47958317899974895,0.0,0.3010299956639812,1,0,0,0,1,0,0,0,0,0,0,0,1,0
199,3,1,-0.2641469768259236,-1.1503493803760079,0.0,0.0,0,0,0,1,0,0,0,0,0,0,0,0,1,0
200,2,0,-0.5485222826980981,-0.1046334556140754,0.0,0.0,0,0,0,0,1,0,0,0,0,0,0,0,1,0
201,3,0,0.1573106846101707,-0.3604300790482675,0.0,0.0,1,0,0,0,1,0,0,0,0,0,0,0,1,0
202,3,0,-0.2641469768259236,1.1503493803760079,0.9542425094393249,0.47712125471966244,1,0,0,0,1,0,0,0,0,0,0,0,1,0
203,3,0,0.5084880591093566,-1.7809371300344714,0.0,0.0,1,0,0,0,1,0,0,0,0,0,0,0,1,0
204,3,0,1.170831118956792,-1.731664396122245,0.0,0.0,1,1,0,0,0,0,0,0,0,0,0,0,1,0
205,3,1,-1.1503493803760079,-0.5485222826980981,0.0,0.0,1,0,0,0,1,0,0,0,0,0,0,0,1,0
206,3,0,-2.149768904909605,-0.29669642866596385,0.0,0.3010299956639812,0,0,0,0,1,0,0,0,0,0,0,1,0,0
207,3,0,0.43072729929545744,0.10463345561407526,0.3010299956639812,0.0,1,0,0,0,1,0,0,0,0,0,0,0,1,0
208,3,1,0.0,0.17019230071742447,0.0,0.0,1,1,0,0,0,0,0,0,0,0,0,0,1,0
209,3,1,-1.2975429286165532,-1.1503493803760079,0.0,0.0,0,0,0,1,0,0,0,0,0,0,0,0,1,0
210,1,1,0.9132499266836088,0.6643789989318133,0.0,0.0,1,1,0,0,0,1,0,0,0,0,0,0,0,0
211,3,0,-0.5485222826980981,-1.743107270338234,0.0,0.0,1,0,0,0,1,0,0,0,0,0,0,0,1,0
212,2,1,0.5485222826980978,0.22313996679010467,0.0,0.0,0,0,0,0,1,0,0,0,0,0,0,0,1,0
213,3,0,-0.6744897501960817,-1.382994127100638,0.0,0.0,1,0,0,0,1,0,0,0,0,0,0,0,1,0
214,2,0,0.31863936396437514,-0.1046334556140754,0.0,0.0,1,0,0,0,1,0,0,0,0,0,0,0,1,0
215,3,0,-0.2641469768259236,-1.1503493803760079,0.3010299956639812,0.0,1,0,0,1,0,0,0,0,0,0,0,0,1,0
216,1,1,0.37409541019772335,1.557869291635738,0.3010299956639812,0.0,0,1,0,0,0,0,0,0,1,0,0,0,0,0
217,3,1,0.10463345561407526,-0.649863538956174,0.0,0.0,0,0,0,0,1,0,0,0,0,0,0,0,1,0
218,2,0,1.009990169249582,0.4983468687790372,0.3010299956639812,0.0,1,0,0,0,1,0,0,0,0,0,0,0,1,0
219,1,1,0.43072729929545744,1.2651398032108587,0.0,0.0,0,1,0,0,0,0,0,0,1,0,0,0,0,0
220,2,0,0.31863936396437514,-0.2948912713722954,0.0,0.0,1,0,0,0,1,0,0,0,0,0,0,0,1,0
221,3,1,-1.2975429286165532,-0.5485222826980981,0.0,0.0,1,0,0,0,1,0,0,0,0,0,0,0,1,0
222,2,0,0.10463345561407526,-0.1046334556140754,0.0,0.0,1,0,0,0,1,0,0,0,0,0,0,0,1,0
223,3,0,1.42978833594553,-0.5485222826980981,0.0,0.0,1,0,0,0,1,0,0,0,0,0,0,0,1,0
224,3,0,-0.2641469768259236,-0.6744897501960817,0.0,0.0,1,0,0,0,1,0,0,0,0,0,0,0,1,0
225,1,1,0.8122178014999129,1.422625456485952,0.3010299956639812,0.0,1,0,0,0,1,0,0,1,0,0,0,0,0,0
226,3,0,-0.6744897501960817,-0.37288050714652554,0.0,0.0,1,0,0,0,1,0,0,0,0,0,0,0,1,0
227,2,1,-0.967421566101701,-0.2948912713722954,0.0,0.0,1,0,0,0,1,0,0,0,0,0,0,0,1,0
228,3,0,-0.8490861916917161,-1.382994127100638,0.0,0.0,1,0,0,0,1,0,0,0,0,0,0,0,1,0
229,2,0,-1.1503493803760079,-0.1046334556140754,0.0,0.0,1,0,0,0,1,0,0,0,0,0,0,0,1,0
230,3,0,-0.2641469768259236,0.3979199562624894,0.6020599913279624,0.3010299956639812,0,0,0,0,1,0,0,0,0,0,0,0,1,0
231,1,1,0.5485222826980978,1.3890434539494185,0.3010299956639812,0.0,0,0,0,0,1,0,0,1,0,0,0,0,0,0
232,3,0,0.21042839424792456,-0.967421566101701,0.0,0.0,1,0,0,0,1,0,0,0,0,0,0,0,1,0
233,2,0,1.7933519429410234,-0.06858582161447507,0.0,0.0,1,0,0,0,1,0,0,0,0,0,0,0,1,0
234,3,1,-1.731664396122245,0.6762626942651104,0.6989700043360189,0.47712125471966244,0,0,0,0,1,0,0,0,0,0,0,0,1,0
235,2,0,-0.5485222826980981,-0.2948912713722954,0.0,0.0,1,0,0,0,1,0,0,0,0,0,0,0,1,0
236,3,0,-0.2641469768259236,-1.235440341561252,0.0,0.0,0,0,0,0,1,0,0,0,0,0,0,0,1,0
237,2,0,1.1011455083738528,0.43072729929545744,0.3010299956639812,0.0,1,0,0,0,1,0,0,0,0,0,0,0,1,0
238,2,1,-1.6057296060590078,0.447436544633375,0.0,0.47712125471966244,0,0,0,0,1,0,0,0,0,0,0,0,1,0
239,2,0,-0.967421566101701,-0.2948912713722954,0.0,0.0,1,0,0,0,1,0,0,0,0,0,0,0,1,0
240,2,0,0.46925288381280184,-0.21042839424792484,0.0,0.0,1,0,0,0,1,0,0,0,0,0,0,0,1,0
241,3,0,-0.2641469768259236,0.0,0.3010299956639812,0.0,0,1,0,0,0,0,0,0,0,0,0,0,1,0
242,3,1,-0.2641469768259236,0.07833360323036327,0.3010299956639812,0.0,0,0,0,1,0,0,0,0,0,0,0,0,1,0
243,2,0,0.21042839424792456,-0.2948912713722954,0.0,0.0,1,0,0,0,1,0,0,0,0,0,0,0,1,0
244,3,0,-0.6744897501960817,-1.73817529510968,0.0,0.0,1,0,0,0,1,0,0,0,0,0,0,0,1,0
245,3,0,0.31863936396437514,-1.731664396122245,0.0,0.0,1,1,0,0,0,0,0,0,0,0,0,0,1,0
246,1,0,1.1011455083738528,1.422625456485952,0.47712125471966244,0.0,1,0,0,1,0,0,0,1,0,0,0,0,0,0
247,3,0,-0.2641469768259236,-0.967421566101701,0.0,0.0,0,0,0,0,1,0,0,0,0,0,0,0,1,0
248,2,1,-0.5485222826980981,0.0034270609358222196,0.0,0.47712125471966244,0,0,0,0,1,0,0,0,0,0,0,0,1,0
249,1,1,0.6744897501960817,0.9607011175979003,0.3010299956639812,0.3010299956639812,1,0,0,0,1,0,0,0,1,0,0,0,0,0
250,2,0,1.5932188180230542,0.43072729929545744,0.3010299956639812,0.0,1,0,0,0,1,0,0,0,0,0,0,0,1,0
251,3,0,-0.2641469768259236,-1.382994127100638,0.0,0.0,1,0,0,0,1,0,0,0,0,0,0,0,1,0
252,3,0,0.21042839424792456,-0.29669642866596385,0.3010299956639812,0.3010299956639812,0,0,0,0,1,0,0,0,0,0,0,1,0,0
253,1,0,1.8627318674216515,0.4676543823538879,0.0,0.0,1,0,0,0,1,0,0,1,0,0,0,0,0,0
254,3,0,0.31863936396437514,0.11019150964631995,0.3010299956639812,0.0,1,0,0,0,1,0,0,0,0,0,0,0,1,0
255,3,0,0.9674215661017008,0.20224316256953456,0.0,0.47712125471966244,0,0,0,0,1,0,0,0,0,0,0,0,1,0
256,3,1,0.21042839424792456,0.05926734550309265,0.0,0.47712125471966244,0,1,0,0,0,0,0,0,0,0,0,0,1,0
257,1,1,0.8122178014999129,1.320215901733085,0.0,0.0,0,1,0,0,0,0,0,0,0,0,0,0,1,0
258,1,1,0.31863936396437514,1.4044153077252854,0.0,0.0,0,0,0,0,1,0,1,0,0,0,0,0,0,0
259,1,1,0.5485222826980978,5.19933758270342,0.0,0.0,0,1,0,0,0,0,0,0,0,0,0,0,1,0
260,2,1,1.382994127100648,0.43072729929545744,0.0,0.3010299956639812,0,0,0,0,1,0,0,0,0,0,0,0,1,0
261,3,0,-0.2641469768259236,-1.1503493803760079,0.0,0.0,1,0,0,1,0,0,0,0,0,0,0,0,1,0
262,3,1,-1.970101168076067,0.6762626942651104,0.6989700043360189,0.47712125471966244,1,0,0,0,1,0,0,0,0,0,0,0,1,0
263,1,0,1.4799413890351998,1.329102771594075,0.3010299956639812,0.3010299956639812,1,0,0,0,1,0,0,0,0,1,0,0,0,0
264,1,0,0.9132499266836088,-5.199337582605575,0.0,0.0,1,0,0,0,1,0,1,0,0,0,0,0,0,0
265,3,0,-0.2641469768259236,-1.1503493803760079,0.0,0.0,0,0,0,1,0,0,0,0,0,0,0,0,1,0
266,2,0,0.6102946101863326,-0.2948912713722954,0.0,0.0,1,0,0,0,1,0,0,0,0,0,0,0,1,0
267,3,0,-1.2975429286165532,0.8131596275295975,0.6989700043360189,0.3010299956639812,1,0,0,0,1,0,0,0,0,0,0,0,1,0
268,3,1,-0.2641469768259236,-0.967421566101701,0.3010299956639812,0.0,1,0,0,0,1,0,0,0,0,0,0,0,1,0
269,1,1,1.7720341481691486,1.7528290046395152,0.0,0.3010299956639812,0,0,0,0,1,0,0,1,0,0,0,0,0,0
270,1,1,0.5485222826980978,1.7219141449551265,0.0,0.0,0,0,0,0,1,0,0,1,0,0,0,0,0,0
271,1,0,0.8122178014999129,0.6643789989318133,0.0,0.0,1,0,0,0,1,0,0,0,0,0,0,0,1,0
272,3,1,-0.2641469768259236,-5.199337582605575,0.0,0.0,1,0,0,0,1,0,0,0,0,0,0,0,1,0
273,2,1,0.9674215661017008,0.18619382151321814,0.0,0.3010299956639812,0,0,0,0,1,0,0,0,0,0,0,0,1,0
274,1,0,0.6744897501960817,0.6174648767325491,0.0,0.3010299956639812,1,1,0,0,0,0,0,1,0,0,0,0,0,0
275,3,1,-0.2641469768259236,-1.1503493803760079,0.0,0.0,0,0,0,1,0,0,0,0,0,0,0,0,1,0
276,1,1,1.887986388616076,1.2962194736179753,0.3010299956639812,0.0,0,0,0,0,1,0,0,0,1,0,0,0,0,0
277,3,0,1.1503493803760079,-1.1503493803760079,0.0,0.0,0,0,0,0,1,0,0,0,0,0,0,0,1,0
278,2,0,0.31863936396437514,-5.199337582605575,0.0,0.0,1,0,0,0,1,0,0,0,0,0,0,0,1,0
279,3,0,-1.6448536269514729,0.59714609685134,0.6989700043360189,0.3010299956639812,1,0,0,1,0,0,0,0,0,0,0,0,1,0
280,3,1,0.5485222826980978,0.20308927325117826,0.3010299956639812,0.3010299956639812,0,0,0,0,1,0,0,0,0,0,0,0,1,0
281,3,0,1.9424443284238977,-1.1503493803760079,0.0,0.0,1,0,0,1,0,0,0,0,0,0,0,0,1,0
282,3,0,0.1573106846101707,-0.8122178014999131,0.0,0.0,1,0,0,0,1,0,0,0,0,0,0,0,1,0
283,3,0,-1.2975429286165532,-0.3604300790482675,0.0,0.0,1,0,0,0,1,0,0,0,0,0,0,0,1,0
284,3,1,-0.967421566101701,-0.5485222826980981,0.0,0.0,1,0,0,0,1,0,0,0,0,0,0,0,1,0
285,1,0,0.8122178014999129,0.43072729929545744,0.0,0.0,1,0,0,0,1,1,0,0,0,0,0,0,0,0
286,3,0,0.46925288381280184,-0.43072729929545756,0.0,0.0,1,1,0,0,0,0,0,0,0,0,0,0,1,0
287,3,1,0.31863936396437514,-0.3604300790482675,0.0,0.0,1,0,0,0,1,0,0,0,0,0,0,0,1,0
288,3,0,-0.6744897501960817,-0.6744897501960817,0.0,0.0,1,0,0,0,1,0,0,0,0,0,0,0,1,0
289,2,1,1.009990169249582,-0.1046334556140754,0.0,0.0,1,0,0,0,1,0,0,0,0,0,0,0,1,0
290,3,1,-0.6744897501960817,-1.1503493803760079,0.0,0.0,0,0,0,1,0,0,0,0,0,0,0,0,1,0
291,1,1,0.0,1.313375300253107,0.0,0.0,0,0,0,0,1,0,0,0,0,0,0,0,1,0
292,1,1,-0.967421566101701,1.4283366423447337,0.3010299956639812,0.0,0,1,0,0,0,0,1,0,0,0,0,0,0,0
293,2,0,0.6102946101863326,-0.12275785250853997,0.0,0.0,1,1,0,0,0,0,0,0,1,0,0,0,0,0
294,3,0,-0.5485222826980981,-0.41481565096776407,0.0,0.0,0,0,0,0,1,0,0,0,0,0,0,0,1,0
295,3,0,-0.5485222826980981,-0.6744897501960817,0.0,0.0,1,0,0,0,1,0,0,0,0,0,0,0,1,0
296,1,0,0.8122178014999129,0.5485222826980978,0.0,0.0,1,1,0,0,0,0,0,0,0,0,0,0,1,0
297,3,0,-0.579132162255556,-1.6579213940603703,0.0,0.0,1,1,0,0,0,0,0,0,0,0,0,0,1,0
298,1,0,-2.149768904909605,1.7503627437849745,0.3010299956639812,0.47712125471966244,0,0,0,0,1,0,0,1,0,0,0,0,0,0
299,1,1,0.8122178014999129,0.6461673371442507,0.0,0.0,1,0,0,0,1,0,0,1,0,0,0,0,0,0
300,1,1,1.382994127100648,1.8899837786880713,0.0,0.3010299956639812,0,1,0,0,0,0,1,0,0,0,0,0,0,0
301,3,1,-0.2641469768259236,-1.1503493803760079,0.0,0.0,0,0,0,1,0,0,0,0,0,0,0,0,1,0
302,3,1,-0.2641469768259236,0.2910945330374763,0.47712125471966244,0.0,1,0,0,1,0,0,0,0,0,0,0,0,1,0
303,3,0,-0.967421566101701,-5.199337582605575,0.0,0.0,1,0,0,0,1,0,0,0,0,0,0,0,1,0
304,2,1,0.31863936396437514,-0.19939467832408986,0.0,0.0,0,0,0,1,0,0,0,0,0,1,0,0,0,0
305,3,0,-0.2641469768259236,-0.5485222826980981,0.0,0.0,1,0,0,0,1,0,0,0,0,0,0,0,1,0
306,1,1,-2.4854174739683987,1.7503627437849745,0.3010299956639812,0.47712125471966244,1,0,0,0,1,0,0,1,0,0,0,0,0,0
307,1,1,0.8122178014999129,1.5426305919770709,0.0,0.0,0,1,0,0,0,0,0,0,0,0,0,0,1,0
308,1,1,-1.2206403488473496,1.5302603255895195,0.3010299956639812,0.0,0,1,0,0,0,0,0,1,0,0,0,0,0,0
309,2,0,0.31863936396437514,0.3140323044842253,0.3010299956639812,0.0,1,1,0,0,0,0,0,0,0,0,0,0,1,0
310,1,1,0.31863936396437514,1.0069992033090975,0.0,0.0,0,1,0,0,0,0,0,0,0,1,0,0,0,0
311,1,1,-0.5485222826980981,1.387452989487395,0.0,0.0,0,1,0,0,0,0,0,1,0,0,0,0,0,0
312,1,1,-1.1503493803760079,1.9152233135129777,0.47712125471966244,0.47712125471966244,0,1,0,0,0,0,1,0,0,0,0,0,0,0
313,2,0,0.0,0.43072729929545744,0.3010299956639812,0.3010299956639812,0,0,0,0,1,0,0,0,0,0,0,0,1,0
314,3,0,0.1573106846101707,-0.6744897501960817,0.0,0.0,1,0,0,0,1,0,0,0,0,0,0,0,1,0
315,2,0,1.0544724517700528,0.447436544633375,0.3010299956639812,0.3010299956639812,1,0,0,0,1,0,0,0,0,0,0,0,1,0
316,3,1,0.0,-0.8122178014999131,0.0,0.0,0,0,0,0,1,0,0,0,0,0,0,0,1,0
317,2,1,-0.5485222826980981,0.43072729929545744,0.3010299956639812,0.0,0,0,0,0,1,0,0,0,0,0,0,0,1,0
318,2,0,1.5932188180230542,-0.03262711921086423,0.0,0.0,1,0,0,0,1,0,0,0,0,0,0,0,1,0
319,1,1,0.37409541019772335,1.7677613566721564,0.0,0.47712125471966244,0,0,0,0,1,0,0,1,0,0,0,0,0,0
320,1,1,0.9132499266836088,1.71242948364135,0.3010299956639812,0.3010299956639812,0,1,0,0,0,0,0,0,0,1,0,0,0,0
321,3,0,-0.6744897501960817,-1.382994127100638,0.0,0.0,1,0,0,0,1,0,0,0,0,0,0,0,1,0
322,3,0,0.10463345561407526,-0.6744897501960817,0.0,0.0,1,0,0,0,1,0,0,0,0,0,0,0,1,0
323,2,1,0.31863936396437514,-0.19939467832408986,0.0,0.0,0,0,0,1,0,0,0,0,0,0,0,0,1,0
324,2,1,-0.6744897501960817,0.5927616914298062,0.3010299956639812,0.3010299956639812,0,0,0,0,1,0,0,0,0,0,0,0,1,0
325,3,0,-0.2641469768259236,1.1503493803760079,0.9542425094393249,0.47712125471966244,1,0,0,0,1,0,0,0,0,0,0,0,1,0
326,1,1,0.6102946101863326,1.7219141449551265,0.0,0.0,0,1,0,0,0,0,0,1,0,0,0,0,0,0
327,3,0,1.8386123585829448,-1.7994755807932505,0.0,0.0,1,0,0,0,1,0,0,0,0,0,0,0,1,0
328,2,1,0.6102946101863326,-0.1046334556140754,0.0,0.0,0,0,0,0,1,0,0,0,1,0,0,0,0,0
329,3,1,0.37409541019772335,0.20929857062027762,0.3010299956639812,0.3010299956639812,0,0,0,0,1,0,0,0,0,0,0,0,1,0
330,1,1,-1.2975429286165532,1.01813036191861,0.0,0.3010299956639812,0,1,0,0,0,0,1,0,0,0,0,0,0,0
331,3,1,-0.2641469768259236,0.2910945330374763,0.47712125471966244,0.0,0,0,0,1,0,0,0,0,0,0,0,0,1,0
332,1,0,1.170831118956792,0.5753363116292868,0.0,0.0,1,0,0,0,1,0,0,1,0,0,0,0,0,0
333,1,0,0.8122178014999129,1.7528290046395152,0.0,0.3010299956639812,1,0,0,0,1,0,0,1,0,0,0,0,0,0
334,3,0,-1.2975429286165532,0.15255679912047865,0.47712125471966244,0.0,1,0,0,0,1,0,0,0,0,0,0,0,1,0
335,1,1,0.8122178014999129,1.705415574568406,0.3010299956639812,0.0,0,0,0,0,1,0,0,0,0,0,0,0,1,0
336,3,0,-0.2641469768259236,-0.6744897501960817,0.0,0.0,1,0,0,0,1,0,0,0,0,0,0,0,1,0
337,1,0,0.21042839424792456,1.1147810111915324,0.3010299956639812,0.0,1,0,0,0,1,0,0,1,0,0,0,0,0,0
338,1,1,0.9674215661017008,1.71242948364135,0.0,0.0,0,1,0,0,0,0,0,0,0,1,0,0,0,0
339,3,1,1.1503493803760079,-0.5485222826980981,0.0,0.0,1,0,0,0,1,0,0,0,0,0,0,0,1,0
340,1,0,1.1503493803760079,0.7426267184790132,0.0,0.0,1,0,0,0,1,0,0,0,0,0,0,0,0,1
341,2,1,-2.149768904909605,0.43072729929545744,0.3010299956639812,0.3010299956639812,1,0,0,0,1,0,0,0,0,0,1,0,0,0
342,1,1,-0.5485222826980981,1.9163123875534662,0.6020599913279624,0.47712125471966244,0,0,0,0,1,0,0,1,0,0,0,0,0,0
343,2,0,0.1573106846101707,-0.1046334556140754,0.0,0.0,1,0,0,0,1,0,0,0,0,0,0,0,1,0
344,2,0,-0.2641469768259236,-0.1046334556140754,0.0,0.0,1,0,0,0,1,0,0,0,0,0,0,0,1,0
345,2,0,0.6102946101863326,-0.1046334556140754,0.0,0.0,1,0,0,0,1,0,0,0,0,0,0,0,1,0
346,2,1,-0.5485222826980981,-0.1046334556140754,0.0,0.0,0,0,0,0,1,0,0,0,0,0,1,0,0,0
347,2,1,0.9132499266836088,-0.1046334556140754,0.0,0.0,0,0,0,0,1,0,0,0,0,0,0,0,1,0
348,3,1,-0.2641469768259236,0.11019150964631995,0.3010299956639812,0.0,0,0,0,0,1,0,0,0,0,0,0,0,1,0
349,3,1,-1.970101168076067,0.10574480237128556,0.3010299956639812,0.3010299956639812,1,0,0,0,1,0,0,0,0,0,0,0,1,0
350,3,0,1.009990169249582,-0.43072729929545756,0.0,0.0,1,0,0,0,1,0,0,0,0,0,0,0,1,0
351,3,0,-0.6102946101863327,-0.3833001194418878,0.0,0.0,1,0,0,0,1,0,0,0,0,0,0,0,1,0
352,1,0,0.8122178014999129,0.7343873198444514,0.0,0.0,1,0,0,0,1,0,0,1,0,0,0,0,0,0
353,3,0,-1.3829941271006372,-1.6579213940603703,0.3010299956639812,0.3010299956639812,1,1,0,0,0,0,0,0,0,0,0,0,1,0
354,3,0,-0.2641469768259236,0.14808570315121047,0.3010299956639812,0.0,1,0,0,0,1,0,0,0,0,0,0,0,1,0
355,3,0,-0.2641469768259236,-1.731664396122245,0.0,0.0,1,1,0,0,0,0,0,0,0,0,0,0,1,0
356,3,0,0.1573106846101707,-0.3604300790482675,0.0,0.0,1,0,0,0,1,0,0,0,0,0,0,0,1,0
357,1,1,-0.6744897501960817,0.9868662598174517,0.0,0.3010299956639812,0,0,0,0,1,0,0,0,0,1,0,0,0,0
358,2,0,0.8122178014999129,-0.1046334556140754,0.0,0.0,0,0,0,0,1,0,0,0,0,0,0,0,1,0
359,3,1,-0.2641469768259236,-0.7277824083108418,0.0,0.0,0,0,0,1,0,0,0,0,0,0,0,0,1,0
360,3,1,-0.2641469768259236,-0.7277824083108418,0.0,0.0,0,0,0,1,0,0,0,0,0,0,0,0,1,0
361,3,0,0.9132499266836088,0.5546534360049911,0.3010299956639812,0.6989700043360189,1,0,0,0,1,0,0,0,0,0,0,0,1,0
362,2,0,0.21042839424792456,0.5485222826980978,0.3010299956639812,0.0,1,1,0,0,0,0,0,0,0,0,0,0,1,0
363,3,0,1.1503493803760079,0.0,0.0,0.3010299956639812,0,1,0,0,0,0,0,0,0,0,0,0,1,0
364,3,0,0.5485222826980978,-1.743107270338234,0.0,0.0,1,0,0,0,1,0,0,0,0,0,0,0,1,0
365,3,0,-0.2641469768259236,0.07833360323036327,0.3010299956639812,0.0,1,0,0,1,0,0,0,0,0,0,0,0,1,0
366,3,0,0.31863936396437514,-1.382994127100638,0.0,0.0,1,0,0,0,1,0,0,0,0,0,0,0,1,0
367,1,1,1.815517334952668,1.246318354078727,0.3010299956639812,0.0,0,1,0,0,0,0,0,0,1,0,0,0,0,0
368,3,1,-0.2641469768259236,-1.6579213940603703,0.0,0.0,0,1,0,0,0,0,0,0,0,0,0,0,1,0
369,3,1,-0.2641469768259236,-1.1503493803760079,0.0,0.0,0,0,0,1,0,0,0,0,0,0,0,0,1,0
370,1,1,-0.5485222826980981,1.1472786763683467,0.0,0.0,0,1,0,0,0,0,1,0,0,0,0,0,0,0
371,1,1,-0.2641469768259236,0.991440324701246,0.3010299956639812,0.0,1,1,0,0,0,0,0,0,0,1,0,0,0,0
372,3,0,-1.1503493803760079,-1.7809371300344714,0.3010299956639812,0.0,1,0,0,0,1,0,0,0,0,0,0,0,1,0
373,3,0,-0.967421566101701,-0.5485222826980981,0.0,0.0,1,0,0,0,1,0,0,0,0,0,0,0,1,0
374,1,0,-0.6744897501960817,1.7219141449551265,0.0,0.0,1,1,0,0,0,0,0,0,0,0,0,0,1,0
375,3,0,-1.970101168076067,0.22538687441273753,0.6020599913279624,0.3010299956639812,0,0,0,0,1,0,0,0,0,0,0,0,1,0
376,1,1,0.8122178014999129,1.3809474939116078,0.3010299956639812,0.0,0,1,0,0,0,0,0,0,0,0,0,0,1,0
377,3,1,-0.6744897501960817,-1.382994127100638,0.0,0.0,0,0,0,0,1,0,0,0,0,0,0,0,1,0
378,1,0,0.10463345561407526,1.8333332410098937,0.0,0.47712125471966244,1,1,0,0,0,0,0,1,0,0,0,0,0,0
379,3,0,-0.887146559018876,-1.992828070976572,0.0,0.0,1,1,0,0,0,0,0,0,0,0,0,0,1,0
380,3,0,-0.967421566101701,-0.967421566101701,0.0,0.0,1,0,0,0,1,0,0,0,0,0,0,0,1,0
381,1,1,1.009990169249582,1.857802027660256,0.0,0.0,0,1,0,0,0,0,0,0,0,0,0,0,1,0
382,3,1,-2.449128853944237,0.09648864387788503,0.0,0.47712125471966244,0,1,0,0,0,0,0,0,0,0,0,0,1,0
383,3,0,0.43072729929545744,-0.649863538956174,0.0,0.0,1,0,0,0,1,0,0,0,0,0,0,0,1,0
384,1,1,0.5485222826980978,0.9539213473963434,0.3010299956639812,0.0,0,0,0,0,1,0,0,0,0,0,0,0,1,0
385,3,0,-0.2641469768259236,-0.6744897501960817,0.0,0.0,1,0,0,0,1,0,0,0,0,0,0,0,1,0
386,2,0,-1.1503493803760079,1.2156575480117222,0.0,0.0,1,0,0,0,1,0,0,0,0,0,0,0,1,0
387,3,0,-2.449128853944237,0.8934711068963973,0.7781512503836436,0.47712125471966244,1,0,0,0,1,0,0,0,0,0,0,0,1,0
388,2,1,0.6102946101863326,-0.1046334556140754,0.0,0.0,0,0,0,0,1,0,0,0,0,0,0,0,1,0
389,3,0,-0.2641469768259236,-1.1588107532774579,0.0,0.0,1,0,0,1,0,0,0,0,0,0,0,0,1,0
390,2,1,-1.2206403488473496,-0.22340130609860284,0.0,0.0,0,1,0,0,0,0,0,0,0,0,0,0,1,0
391,1,1,0.6102946101863326,1.602777802072835,0.3010299956639812,0.47712125471966244,1,0,0,0,1,0,1,0,0,0,0,0,0,0
392,3,1,-0.8122178014999131,-0.9245138281980756,0.0,0.0,1,0,0,0,1,0,0,0,0,0,0,0,1,0
393,3,0,0.1573106846101707,-0.649863538956174,0.47712125471966244,0.0,1,0,0,0,1,0,0,0,0,0,0,0,1,0
394,1,1,-0.6102946101863327,1.557869291635738,0.3010299956639812,0.0,0,1,0,0,0,0,0,0,1,0,0,0,0,0
395,3,1,-0.5485222826980981,0.12354507242772668,0.0,0.47712125471966244,0,0,0,0,1,0,0,0,0,0,0,1,0,0
396,3,0,-0.6744897501960817,-0.9245138281980756,0.0,0.0,1,0,0,0,1,0,0,0,0,0,0,0,1,0
397,3,0,0.37409541019772335,-0.8122178014999131,0.0,0.0,0,0,0,0,1,0,0,0,0,0,0,0,1,0
398,2,0,1.1918161716813969,0.43072729929545744,0.0,0.0,1,0,0,0,1,0,0,0,0,0,0,0,1,0
399,2,0,-0.6102946101863327,-0.2948912713722954,0.0,0.0,1,0,0,0,1,0,0,0,0,0,0,0,1,0
400,2,1,0.1573106846101707,-0.15548778674794636,0.0,0.0,0,0,0,0,1,0,0,0,0,0,0,0,1,0
401,3,1,0.8616341201741718,-0.649863538956174,0.0,0.0,1,0,0,0,1,0,0,0,0,0,0,0,1,0
402,3,0,0.0,-0.5485222826980981,0.0,0.0,1,0,0,0,1,0,0,0,0,0,0,0,1,0
403,3,0,-0.8122178014999131,-0.33364179783045994,0.3010299956639812,0.0,0,0,0,0,1,0,0,0,0,0,0,0,1,0
404,3,0,0.1573106846101707,0.10463345561407526,0.3010299956639812,0.0,1,0,0,0,1,0,0,0,0,0,0,0,1,0
405,3,0,-0.887146559018876,-0.43072729929545756,0.0,0.0,0,0,0,0,1,0,0,0,0,0,0,0,1,0
406,2,0,0.5084880591093566,0.22313996679010467,0.3010299956639812,0.0,1,0,0,0,1,0,0,0,0,0,0,0,1,0
407,3,0,1.42978833594553,-1.1503493803760079,0.0,0.0,1,0,0,0,1,0,0,0,0,0,0,0,1,0
408,2,1,-1.970101168076067,0.16935135709662974,0.3010299956639812,0.3010299956639812,1,0,0,0,1,0,0,0,0,0,0,0,1,0
409,3,0,-0.8122178014999131,-0.967421566101701,0.0,0.0,1,0,0,0,1,0,0,0,0,0,0,0,1,0
410,3,0,-0.2641469768259236,0.3979199562624894,0.6020599913279624,0.3010299956639812,0,0,0,0,1,0,0,0,0,0,0,0,1,0
411,3,0,-0.2641469768259236,-0.6744897501960817,0.0,0.0,1,0,0,0,1,0,0,0,0,0,0,0,1,0
412,3,0,-0.2641469768259236,-1.755909830055088,0.0,0.0,1,0,0,1,0,0,0,0,0,0,0,0,1,0
413,1,1,0.46925288381280184,1.422625456485952,0.3010299956639812,0.0,0,0,0,1,0,0,0,1,0,0,0,0,0,0
414,2,0,0.31863936396437514,-5.199337582605575,0.0,0.0,1,0,0,0,1,0,0,0,0,0,0,0,1,0
415,3,1,1.1011455083738528,-0.649863538956174,0.0,0.0,1,0,0,0,1,0,0,0,0,0,0,0,1,0
416,3,0,-0.2641469768259236,-0.5485222826980981,0.0,0.0,0,0,0,0,1,0,0,0,0,0,0,0,1,0
417,2,1,0.5084880591093566,0.6939114576697333,0.3010299956639812,0.3010299956639812,0,0,0,0,1,0,0,0,0,0,0,0,1,0
418,2,1,-1.1503493803760079,-0.1046334556140754,0.0,0.47712125471966244,0,0,0,0,1,0,0,0,0,0,0,0,1,0
419,2,0,0.31863936396437514,-0.1046334556140754,0.0,0.0,1,0,0,0,1,0,0,0,0,0,0,0,1,0
420,3,0,-1.5341205443525463,0.31863936396437514,0.0,0.47712125471966244,0,0,0,0,1,0,0,0,0,0,0,0,1,0
421,3,0,-0.2641469768259236,-0.6744897501960817,0.0,0.0,1,1,0,0,0,0,0,0,0,0,0,0,1,0
422,3,0,-0.8122178014999131,-1.1571363276834234,0.0,0.0,1,0,0,1,0,0,0,0,0,0,0,0,1,0
423,3,0,0.21042839424792456,-0.7415940438615164,0.0,0.0,1,0,0,0,1,0,0,0,0,0,0,0,1,0
424,3,0,0.1573106846101707,-0.0038927358572444283,0.3010299956639812,0.3010299956639812,0,0,0,0,1,0,0,0,0,0,0,0,1,0
425,3,0,-1.1503493803760079,0.20224316256953456,0.3010299956639812,0.3010299956639812,1,0,0,0,1,0,0,0,0,0,0,0,1,0
426,3,0,-0.2641469768259236,-1.382994127100638,0.0,0.0,1,0,0,0,1,0,0,0,0,0,0,0,1,0
427,2,1,0.1573106846101707,0.43072729929545744,0.3010299956639812,0.0,0,0,0,0,1,0,0,0,0,0,0,0,1,0
428,2,1,-0.967421566101701,0.43072729929545744,0.0,0.0,0,0,0,0,1,0,0,0,0,0,0,0,1,0
429,3,0,-0.2641469768259236,-1.1503493803760079,0.0,0.0,1,0,0,1,0,0,0,0,0,0,0,0,1,0
430,3,1,0.43072729929545744,-0.5485222826980981,0.0,0.0,1,0,0,0,1,0,0,0,0,1,0,0,0,0
431,1,1,0.1573106846101707,0.4676543823538879,0.0,0.0,1,0,0,0,1,0,0,1,0,0,0,0,0,0
432,3,1,-0.2641469768259236,0.11019150964631995,0.3010299956639812,0.0,0,0,0,0,1,0,0,0,0,0,0,0,1,0
433,2,1,1.009990169249582,0.43072729929545744,0.3010299956639812,0.0,0,0,0,0,1,0,0,0,0,0,0,0,1,0
434,3,0,-1.2206403488473496,-1.73817529510968,0.0,0.0,1,0,0,0,1,0,0,0,0,0,0,0,1,0
435,1,0,1.382994127100648,0.9962083232351672,0.3010299956639812,0.0,1,0,0,0,1,0,0,0,0,1,0,0,0,0
436,1,1,-1.410699178450397,1.602777802072835,0.3010299956639812,0.47712125471966244,0,0,0,0,1,0,1,0,0,0,0,0,0,0
437,3,0,-0.8122178014999131,0.7241576272674786,0.47712125471966244,0.47712125471966244,0,0,0,0,1,0,0,0,0,0,0,0,1,0
438,2,1,-0.5485222826980981,0.16935135709662974,0.47712125471966244,0.6020599913279624,0,0,0,0,1,0,0,0,0,0,0,0,1,0
439,1,0,1.9145058250555569,1.9163123875534662,0.3010299956639812,0.6989700043360189,1,0,0,0,1,0,0,1,0,0,0,0,0,0
440,2,0,0.37409541019772335,-0.2948912713722954,0.0,0.0,1,0,0,0,1,0,0,0,0,0,0,0,1,0
441,2,1,1.1503493803760079,0.447436544633375,0.3010299956639812,0.3010299956639812,0,0,0,0,1,0,0,0,0,0,0,0,1,0
442,3,0,-0.887146559018876,-0.3604300790482675,0.0,0.0,1,0,0,0,1,0,0,0,0,0,0,0,1,0
443,3,0,-0.2641469768259236,-0.967421566101701,0.3010299956639812,0.0,1,0,0,0,1,0,0,0,0,0,0,0,1,0
444,2,1,0.1573106846101707,-0.1046334556140754,0.0,0.0,0,0,0,0,1,0,0,0,0,0,0,0,1,0
445,3,1,-0.2641469768259236,-0.5361762663658064,0.0,0.0,1,0,0,0,1,0,0,0,0,0,0,0,1,0
446,1,1,-1.8378802347660605,1.37431813883498,0.0,0.47712125471966244,1,0,0,0,1,1,0,0,0,0,0,0,0,0
447,2,1,-1.4395314709384557,0.18619382151321814,0.0,0.3010299956639812,0,0,0,0,1,0,0,0,0,0,0,0,1,0
448,1,1,0.5084880591093566,0.4676543823538879,0.0,0.0,1,0,0,0,1,0,0,0,0,0,0,0,1,0
449,3,1,-1.731664396122245,0.18076051678684948,0.47712125471966244,0.3010299956639812,0,1,0,0,0,0,0,0,0,0,0,0,1,0
450,1,1,1.4799413890351998,0.6461673371442507,0.0,0.0,1,0,0,0,1,0,0,1,0,0,0,0,0,0
451,2,0,0.6102946101863326,0.549519921014744,0.3010299956639812,0.47712125471966244,1,0,0,0,1,0,0,0,0,0,0,0,1,0
452,3,0,-0.2641469768259236,0.19670074329244697,0.3010299956639812,0.0,1,0,0,0,1,0,0,0,0,0,0,0,1,0
453,1,0,0.31863936396437514,0.549519921014744,0.0,0.0,1,1,0,0,0,0,0,1,0,0,0,0,0,0
454,1,1,1.330561513178906,1.4179198338543664,0.3010299956639812,0.0,1,1,0,0,0,0,0,1,0,0,0,0,0,0
455,3,0,-0.2641469768259236,-0.5485222826980981,0.0,0.0,1,0,0,0,1,0,0,0,0,0,0,0,1,0
456,3,1,0.21042839424792456,-0.6744897501960817,0.0,0.0,1,1,0,0,0,0,0,0,0,0,0,0,1,0
457,1,0,1.9424443284238977,0.4676543823538879,0.0,0.0,1,0,0,0,1,0,0,0,0,1,0,0,0,0
458,1,1,0.8122178014999129,0.9522460290518805,0.3010299956639812,0.0,0,0,0,0,1,0,0,0,1,0,0,0,0,0
459,2,1,1.382994127100648,-0.2948912713722954,0.0,0.0,0,0,0,0,1,0,0,0,0,0,0,0,1,0
460,3,0,-0.2641469768259236,-1.1503493803760079,0.0,0.0,1,0,0,1,0,0,0,0,0,0,0,0,1,0
461,1,1,1.281551565544607,0.4676543823538879,0.0,0.0,1,0,0,0,1,0,0,0,0,1,0,0,0,0
462,3,0,0.5084880591093566,-0.5485222826980981,0.0,0.0,1,0,0,0,1,0,0,0,0,0,0,0,1,0
463,1,0,1.2354403415612554,0.7931718984995164,0.0,0.0,1,0,0,0,1,0,0,0,0,1,0,0,0,0
464,2,0,1.281551565544607,-0.1046334556140754,0.0,0.0,1,0,0,0,1,0,0,0,0,0,0,0,1,0
465,3,0,-0.2641469768259236,-0.5485222826980981,0.0,0.0,1,0,0,0,1,0,0,0,0,0,0,0,1,0
466,3,0,0.8122178014999129,-1.743107270338234,0.0,0.0,1,0,0,0,1,0,0,0,0,0,0,0,1,0
467,2,0,0.31863936396437514,-5.199337582605575,0.0,0.0,1,0,0,0,1,0,0,0,0,0,0,0,1,0
468,1,0,1.7316643961222447,0.4676543823538879,0.0,0.0,1,0,0,0,1,0,0,0,0,0,0,0,1,0
469,3,0,-0.2641469768259236,-1.1605293940091412,0.0,0.0,1,0,0,1,0,0,0,0,0,0,0,0,1,0
470,3,1,-2.575590738068263,0.18076051678684948,0.47712125471966244,0.3010299956639812,0,1,0,0,0,0,0,0,0,0,0,0,1,0
471,3,0,-0.2641469768259236,-1.382994127100638,0.0,0.0,1,0,0,0,1,0,0,0,0,0,0,0,1,0
472,3,0,0.8122178014999129,-0.43072729929545756,0.0,0.0,1,0,0,0,1,0,0,0,0,0,0,0,1,0
473,2,1,0.46925288381280184,0.549519921014744,0.3010299956639812,0.47712125471966244,0,0,0,0,1,0,0,0,0,0,0,0,1,0
474,2,1,-0.6102946101863327,-0.04759972122923186,0.0,0.0,0,1,0,0,0,0,0,0,1,0,0,0,0,0
475,3,0,-0.6744897501960817,-0.3326163676147026,0.0,0.0,0,0,0,0,1,0,0,0,0,0,0,0,1,0
476,1,0,0.8122178014999129,0.9539213473963434,0.0,0.0,1,0,0,0,1,1,0,0,0,0,0,0,0,0
477,2,0,0.5084880591093566,0.22313996679010467,0.3010299956639812,0.0,1,0,0,0,1,0,0,0,0,0,0,0,1,0
478,3,0,0.21042839424792456,-1.7433847175158854,0.3010299956639812,0.0,1,0,0,0,1,0,0,0,0,0,0,0,1,0
479,3,0,-0.6744897501960817,-1.24863118722364,0.0,0.0,1,0,0,0,1,0,0,0,0,0,0,0,1,0
480,3,1,-2.149768904909605,-0.2085876979607898,0.0,0.3010299956639812,0,0,0,0,1,0,0,0,0,0,0,0,1,0
481,3,0,-1.5689196324989263,0.8934711068963973,0.7781512503836436,0.47712125471966244,1,0,0,0,1,0,0,0,0,0,0,0,1,0
482,2,0,0.31863936396437514,-5.199337582605575,0.0,0.0,1,0,0,0,1,0,0,0,0,0,0,0,1,0
483,3,0,1.382994127100648,-0.5485222826980981,0.0,0.0,1,0,0,0,1,0,0,0,0,0,0,0,1,0
484,3,1,1.887986388616076,-0.35319317109630294,0.0,0.0,0,0,0,0,1,0,0,0,0,0,0,0,1,0
485,1,1,-0.2641469768259236,1.4283366423447337,0.3010299956639812,0.0,1,1,0,0,0,0,1,0,0,0,0,0,0,0
486,3,0,-0.2641469768259236,0.3979199562624894,0.6020599913279624,0.3010299956639812,0,0,0,0,1,0,0,0,0,0,0,0,1,0
487,1,1,0.5485222826980978,1.422625456485952,0.3010299956639812,0.0,0,0,0,0,1,0,0,1,0,0,0,0,0,0
488,1,0,1.7720341481691486,0.6174648767325491,0.0,0.0,1,1,0,0,0,0,1,0,0,0,0,0,0,0
489,3,0,0.31863936396437514,-0.5485222826980981,0.0,0.0,1,0,0,0,1,0,0,0,0,0,0,0,1,0
490,3,1,-1.5689196324989263,0.10574480237128556,0.3010299956639812,0.3010299956639812,1,0,0,0,1,0,0,0,0,0,0,0,1,0
491,3,0,-0.2641469768259236,0.19670074329244697,0.3010299956639812,0.0,1,0,0,0,1,0,0,0,0,0,0,0,1,0
492,3,0,-0.8122178014999131,-1.382994127100638,0.0,0.0,1,0,0,0,1,0,0,0,0,0,0,0,1,0
493,1,0,1.6584720610356294,0.6461673371442507,0.0,0.0,1,0,0,0,1,0,0,1,0,0,0,0,0,0
494,1,0,2.1538746940614564,0.9239168111823286,0.0,0.0,1,1,0,0,0,0,0,0,0,0,0,0,1,0
495,3,0,-0.8122178014999131,-0.5485222826980981,0.0,0.0,1,0,0,0,1,0,0,0,0,0,0,0,1,0
496,3,0,-0.2641469768259236,0.00030678870203474214,0.0,0.0,1,1,0,0,0,0,0,0,0,0,0,0,1,0
497,1,1,1.5932188180230542,1.3021096121348679,0.3010299956639812,0.0,0,1,0,0,0,0,0,0,1,0,0,0,0,0
498,3,0,-0.2641469768259236,0.04834178308411422,0.0,0.0,1,0,0,0,1,0,0,0,0,0,0,0,1,0
499,1,0,-0.2641469768259236,1.7503627437849745,0.3010299956639812,0.47712125471966244,0,0,0,0,1,0,0,1,0,0,0,0,0,0
500,3,0,-0.5485222826980981,-0.9245138281980756,0.0,0.0,1,0,0,0,1,0,0,0,0,0,0,0,1,0
501,3,0,-1.2206403488473496,-0.43072729929545756,0.0,0.0,1,0,0,0,1,0,0,0,0,0,0,0,1,0
502,3,0,-0.8122178014999131,-1.1503493803760079,0.0,0.0,0,0,0,1,0,0,0,0,0,0,0,0,1,0
503,3,0,-0.2641469768259236,-1.2007023901107636,0.0,0.0,0,0,0,1,0,0,0,0,0,0,0,0,1,0
504,3,0,0.6744897501960817,-0.35319317109630294,0.0,0.0,0,0,0,0,1,0,0,0,0,0,0,0,1,0
505,1,1,-1.2975429286165532,1.4044153077252854,0.0,0.0,0,0,0,0,1,0,1,0,0,0,0,0,0,0
506,1,0,-1.1503493803760079,1.5302603255895195,0.3010299956639812,0.0,1,1,0,0,0,0,0,1,0,0,0,0,0,0
507,2,1,0.46925288381280184,0.43072729929545744,0.0,0.47712125471966244,0,0,0,0,1,0,0,0,0,0,0,0,1,0
508,1,1,0.8122178014999129,0.4676543823538879,0.0,0.0,1,0,0,0,1,0,0,0,0,0,0,0,1,0
509,3,0,0.1573106846101707,0.26906613785431394,0.0,0.0,1,0,0,0,1,0,0,0,0,0,0,0,1,0
510,3,1,0.0,1.0024408953397494,0.0,0.0,1,0,0,0,1,0,0,0,0,0,0,0,1,0
511,3,1,0.21042839424792456,-1.1503493803760079,0.0,0.0,1,0,0,1,0,0,0,0,0,0,0,0,1,0
512,3,0,-0.2641469768259236,-0.5485222826980981,0.0,0.0,1,0,0,0,1,0,0,0,0,0,0,0,1,0
513,1,1,0.6102946101863326,0.4499536263652757,0.0,0.0,1,0,0,0,1,0,0,0,0,1,0,0,0,0
514,1,1,1.5932188180230542,1.033396380307031,0.3010299956639812,0.0,0,1,0,0,0,0,0,0,0,0,0,0,1,0
515,3,0,-0.5485222826980981,-1.2600998806456707,0.0,0.0,1,0,0,0,1,0,0,0,0,0,0,0,1,0
516,1,0,1.2354403415612554,0.7183937903726829,0.0,0.0,1,0,0,0,1,0,0,0,1,0,0,0,0,0
517,2,1,0.5084880591093566,-0.2948912713722954,0.0,0.0,0,0,0,0,1,0,0,0,0,0,1,0,0,0
518,3,0,-0.2641469768259236,0.31863936396437514,0.0,0.0,1,0,0,1,0,0,0,0,0,0,0,0,1,0
519,2,1,0.6102946101863326,0.43072729929545744,0.3010299956639812,0.0,0,0,0,0,1,0,0,0,0,0,0,0,1,0
520,3,0,0.43072729929545744,-0.6744897501960817,0.0,0.0,1,0,0,0,1,0,0,0,0,0,0,0,1,0
521,1,1,0.31863936396437514,1.4413199787081314,0.0,0.0,0,0,0,0,1,0,1,0,0,0,0,0,0,0
522,3,0,-0.6744897501960817,-0.6744897501960817,0.0,0.0,1,0,0,0,1,0,0,0,0,0,0,0,1,0
523,3,0,-0.2641469768259236,-1.731664396122245,0.0,0.0,1,1,0,0,0,0,0,0,0,0,0,0,1,0
524,1,1,1.1011455083738528,1.01813036191861,0.0,0.3010299956639812,0,1,0,0,0,0,1,0,0,0,0,0,0,0
525,3,0,-0.2641469768259236,-1.6579213940603703,0.0,0.0,1,1,0,0,0,0,0,0,0,0,0,0,1,0
526,3,0,0.9399909121894655,-1.1503493803760079,0.0,0.0,1,0,0,1,0,0,0,0,0,0,0,0,1,0
527,2,1,1.382994127100648,-0.2948912713722954,0.0,0.0,0,0,0,0,1,0,0,0,0,0,0,0,1,0
528,1,0,0.8122178014999129,1.848901011845502,0.0,0.0,1,0,0,0,1,0,0,1,0,0,0,0,0,0
529,3,0,0.8616341201741718,-0.649863538956174,0.0,0.0,1,0,0,0,1,0,0,0,0,0,0,0,1,0
530,2,0,-0.6102946101863327,-0.247086727471265,0.47712125471966244,0.3010299956639812,1,0,0,0,1,0,0,0,0,0,0,0,1,0
531,2,1,-2.149768904909605,0.43072729929545744,0.3010299956639812,0.3010299956639812,0,0,0,0,1,0,0,0,0,0,0,0,1,0
532,3,0,-0.2641469768259236,-1.6579213940603703,0.0,0.0,1,1,0,0,0,0,0,0,0,0,0,0,1,0
533,3,0,-1.2206403488473496,-1.6579213940603703,0.3010299956639812,0.3010299956639812,1,1,0,0,0,0,0,0,0,0,0,0,1,0
534,3,1,-0.2641469768259236,0.2640199206440549,0.0,0.47712125471966244,0,1,0,0,0,0,0,0,0,0,0,0,1,0
535,3,0,0.31863936396437514,-0.43072729929545756,0.0,0.0,0,0,0,0,1,0,0,0,0,0,0,0,1,0
536,2,1,-1.6448536269514729,0.447436544633375,0.0,0.47712125471966244,0,0,0,0,1,0,0,0,0,0,0,0,1,0
537,1,0,1.1503493803760079,0.4676543823538879,0.0,0.0,1,0,0,0,1,0,1,0,0,0,0,0,0,0
538,1,1,0.31863936396437514,1.5151443974445917,0.0,0.0,0,1,0,0,0,0,0,0,0,0,0,0,1,0
539,3,0,-0.2641469768259236,0.0034270609358222196,0.0,0.0,1,0,0,0,1,0,0,0,0,0,0,0,1,0
540,1,1,-0.6744897501960817,0.9238670207443125,0.0,0.47712125471966244,0,1,0,0,0,0,1,0,0,0,0,0,0,0
541,1,1,0.6102946101863326,1.1737428058684305,0.0,0.47712125471966244,0,0,0,0,1,0,1,0,0,0,0,0,0,0
542,3,0,-1.5689196324989263,0.6744897501960817,0.6989700043360189,0.47712125471966244,0,0,0,0,1,0,0,0,0,0,0,0,1,0
543,3,0,-1.5010859460440242,0.6744897501960817,0.6989700043360189,0.47712125471966244,0,0,0,0,1,0,0,0,0,0,0,0,1,0
544,2,1,0.43072729929545744,0.43072729929545744,0.3010299956639812,0.0,1,0,0,0,1,0,0,0,0,0,0,0,1,0
545,1,0,1.382994127100648,1.5151443974445917,0.3010299956639812,0.0,1,1,0,0,0,0,0,1,0,0,0,0,0,0
546,1,0,1.9145058250555569,0.43072729929545744,0.0,0.0,1,0,0,0,1,0,0,0,0,0,0,0,1,0
547,2,1,-0.967421566101701,0.43072729929545744,0.3010299956639812,0.0,0,0,0,0,1,0,0,0,0,0,0,0,1,0
548,2,1,0.31863936396437514,-0.04250958893789919,0.0,0.0,1,1,0,0,0,0,0,0,0,0,0,0,1,0
549,3,0,0.46925288381280184,0.20929857062027762,0.3010299956639812,0.3010299956639812,1,0,0,0,1,0,0,0,0,0,0,0,1,0
550,2,1,-1.6057296060590078,0.7634497909536336,0.3010299956639812,0.3010299956639812,1,0,0,0,1,0,0,0,0,0,0,0,1,0
551,1,1,-1.2206403488473496,1.5426305919770709,0.0,0.47712125471966244,1,1,0,0,0,0,0,1,0,0,0,0,0,0
552,2,0,0.10463345561407526,0.43072729929545744,0.0,0.0,1,0,0,0,1,0,0,0,0,0,0,0,1,0
553,3,0,-0.2641469768259236,-0.8589611453848947,0.0,0.0,1,0,0,1,0,0,0,0,0,0,0,0,1,0
554,3,1,-0.6744897501960817,-1.731664396122245,0.0,0.0,1,1,0,0,0,0,0,0,0,0,0,0,1,0
555,3,1,-0.6744897501960817,-0.967421566101701,0.0,0.0,0,0,0,0,1,0,0,0,0,0,0,0,1,0
556,1,0,1.8627318674216515,0.4676543823538879,0.0,0.0,1,0,0,0,1,0,0,0,0,0,0,0,1,0
557,1,1,1.281551565544607,0.8122178014999129,0.3010299956639812,0.0,0,1,0,0,0,1,0,0,0,0,0,0,0,0
558,1,0,0.8122178014999129,1.857802027660256,0.0,0.0,1,1,0,0,0,0,0,0,0,0,0,0,1,0
559,1,1,0.8616341201741718,1.329102771594075,0.3010299956639812,0.3010299956639812,0,0,0,0,1,0,0,0,0,1,0,0,0,0
560,3,1,0.6102946101863326,0.13915229339152077,0.3010299956639812,0.0,0,0,0,0,1,0,0,0,0,0,0,0,1,0
561,3,0,-0.2641469768259236,-1.1503493803760079,0.0,0.0,1,0,0,1,0,0,0,0,0,0,0,0,1,0
562,3,0,0.9132499266836088,-0.6744897501960817,0.0,0.0,1,0,0,0,1,0,0,0,0,0,0,0,1,0
563,2,0,0.1573106846101707,-0.06858582161447507,0.0,0.0,1,0,0,0,1,0,0,0,0,0,0,0,1,0
564,3,0,-0.2641469768259236,-0.5485222826980981,0.0,0.0,1,0,0,0,1,0,0,0,0,0,0,0,1,0
565,3,0,-0.2641469768259236,-0.5485222826980981,0.0,0.0,0,0,0,0,1,0,0,0,0,0,0,0,1,0
566,3,0,-0.5485222826980981,0.31863936396437514,0.47712125471966244,0.0,1,0,0,0,1,0,0,0,0,0,0,0,1,0
567,3,0,-0.967421566101701,-0.6744897501960817,0.0,0.0,1,0,0,0,1,0,0,0,0,0,0,0,1,0
568,3,0,0.21042839424792456,0.22538687441273753,0.0,0.6989700043360189,0,0,0,0,1,0,0,0,0,0,0,0,1,0
569,3,0,-0.2641469768259236,-1.6579213940603703,0.0,0.0,1,1,0,0,0,0,0,0,0,0,0,0,1,0
570,3,1,0.43072729929545744,-0.8122178014999131,0.0,0.0,1,0,0,0,1,0,0,0,0,0,0,0,1,0
571,2,1,1.8627318674216515,-0.2948912713722954,0.0,0.0,1,0,0,0,1,0,0,0,0,0,0,0,1,0
572,1,1,1.5341205443525527,0.9475898966535686,0.47712125471966244,0.0,0,0,0,0,1,0,0,1,0,0,0,0,0,0
573,1,1,0.6102946101863326,0.4566798584751093,0.0,0.0,1,0,0,0,1,0,0,0,0,1,0,0,0,0
574,3,1,-0.2641469768259236,-1.1503493803760079,0.0,0.0,0,0,0,1,0,0,0,0,0,0,0,0,1,0
575,3,0,-1.2975429286165532,-0.5485222826980981,0.0,0.0,1,0,0,0,1,0,0,0,0,0,0,0,1,0
576,3,0,-0.967421566101701,0.0034270609358222196,0.0,0.0,1,0,0,0,1,0,0,0,0,0,0,0,1,0
577,2,1,0.5084880591093566,-0.1046334556140754,0.0,0.0,0,0,0,0,1,0,0,0,0,0,0,0,1,0
578,1,1,0.8616341201741718,0.9962083232351672,0.3010299956639812,0.0,0,0,0,0,1,0,0,0,0,1,0,0,0,0
579,3,0,-0.2641469768259236,0.00030678870203474214,0.3010299956639812,0.0,0,1,0,0,0,0,0,0,0,0,0,0,1,0
580,3,1,0.43072729929545744,-0.649863538956174,0.0,0.0,1,0,0,0,1,0,0,0,0,0,0,0,1,0
581,2,1,-0.2641469768259236,0.6281675131201675,0.3010299956639812,0.3010299956639812,0,0,0,0,1,0,0,0,0,0,0,0,1,0
582,1,1,0.8616341201741718,1.5426305919770709,0.3010299956639812,0.3010299956639812,0,1,0,0,0,0,0,1,0,0,0,0,0,0
583,2,0,1.5932188180230542,0.43072729929545744,0.0,0.0,1,0,0,0,1,0,0,0,0,0,0,0,1,0
584,1,0,0.6102946101863326,0.8178796245311473,0.0,0.0,1,1,0,0,0,1,0,0,0,0,0,0,0,0
585,3,0,-0.2641469768259236,-0.4264736856848379,0.0,0.0,1,1,0,0,0,0,0,0,0,0,0,0,1,0
586,1,1,-1.1503493803760079,1.329102771594075,0.0,0.47712125471966244,0,0,0,0,1,0,0,0,0,1,0,0,0,0
587,2,0,1.2354403415612554,0.040851669754747945,0.0,0.0,1,0,0,0,1,0,0,0,0,0,0,0,1,0
588,1,1,1.815517334952668,1.320215901733085,0.3010299956639812,0.3010299956639812,1,1,0,0,0,0,1,0,0,0,0,0,0,0
589,3,0,-0.6744897501960817,-0.5485222826980981,0.0,0.0,1,0,0,0,1,0,0,0,0,0,0,0,1,0
590,3,0,-0.2641469768259236,-0.5485222826980981,0.0,0.0,1,0,0,0,1,0,0,0,0,0,0,0,1,0
591,3,0,0.5485222826980978,-1.73817529510968,0.0,0.0,1,0,0,0,1,0,0,0,0,0,0,0,1,0
592,1,1,1.4799413890351998,1.3021096121348679,0.3010299956639812,0.0,0,1,0,0,0,0,0,0,1,0,0,0,0,0
593,3,0,1.2354403415612554,-1.382994127100638,0.0,0.0,1,0,0,0,1,0,0,0,0,0,0,0,1,0
594,3,0,-0.2641469768259236,-1.1503493803760079,0.0,0.47712125471966244,0,0,0,1,0,0,0,0,0,0,0,0,1,0
595,2,0,0.6744897501960817,0.43072729929545744,0.3010299956639812,0.0,1,0,0,0,1,0,0,0,0,0,0,0,1,0
596,3,0,0.6102946101863326,0.31863936396437514,0.3010299956639812,0.3010299956639812,1,0,0,0,1,0,0,0,0,0,0,0,1,0
597,2,1,0.31863936396437514,0.7019141038448024,0.0,0.0,0,0,0,0,1,0,0,0,0,0,0,0,1,0
598,3,0,1.330561513178906,-5.199337582605575,0.0,0.0,1,0,0,0,1,0,0,0,0,0,0,0,1,0
599,3,0,-0.2641469768259236,-1.731664396122245,0.0,0.0,1,1,0,0,0,0,0,0,0,0,0,0,1,0
600,1,1,1.330561513178906,1.0069992033090975,0.3010299956639812,0.0,1,1,0,0,0,1,0,0,0,0,0,0,0,0
601,2,1,-0.5485222826980981,0.4983468687790372,0.47712125471966244,0.3010299956639812,0,0,0,0,1,0,0,0,0,0,0,0,1,0
602,3,0,-0.2641469768259236,-0.6744897501960817,0.0,0.0,1,0,0,0,1,0,0,0,0,0,0,0,1,0
603,1,0,0.8122178014999129,0.8427241882574996,0.0,0.0,1,0,0,0,1,0,0,0,0,0,0,0,1,0
604,3,0,1.1011455083738528,-0.5485222826980981,0.0,0.0,1,0,0,0,1,0,0,0,0,0,0,0,1,0
605,1,1,0.5485222826980978,0.4676543823538879,0.0,0.0,1,1,0,0,0,0,0,0,0,0,0,0,1,0
606,3,0,0.6102946101863326,0.08208698564082335,0.3010299956639812,0.0,1,0,0,0,1,0,0,0,0,0,0,0,1,0
607,3,0,0.31863936396437514,-0.6744897501960817,0.0,0.0,1,0,0,0,1,0,0,0,0,0,0,0,1,0
608,1,1,0.10463345561407526,0.6461673371442507,0.0,0.0,1,0,0,0,1,0,0,0,0,0,0,0,1,0
609,2,1,-0.6744897501960817,0.8337011982977196,0.3010299956639812,0.47712125471966244,0,1,0,0,0,0,0,0,0,0,0,0,1,0
610,1,1,0.9132499266836088,1.7528290046395152,0.0,0.0,0,0,0,0,1,0,0,1,0,0,0,0,0,0
611,3,0,0.8616341201741718,0.6744897501960817,0.3010299956639812,0.7781512503836436,0,0,0,0,1,0,0,0,0,0,0,0,1,0
612,3,0,-0.2641469768259236,-1.743107270338234,0.0,0.0,1,0,0,0,1,0,0,0,0,0,0,0,1,0
613,3,1,-0.2641469768259236,0.07833360323036327,0.3010299956639812,0.0,0,0,0,1,0,0,0,0,0,0,0,0,1,0
614,3,0,-0.2641469768259236,-1.1503493803760079,0.0,0.0,1,0,0,1,0,0,0,0,0,0,0,0,1,0
615,3,0,0.5485222826980978,-0.5485222826980981,0.0,0.0,1,0,0,0,1,0,0,0,0,0,0,0,1,0
616,2,1,-0.5485222826980981,1.0960665646035996,0.3010299956639812,0.47712125471966244,0,0,0,0,1,0,0,0,0,0,0,0,1,0
617,3,0,0.5084880591093566,-0.0038927358572444283,0.3010299956639812,0.3010299956639812,1,0,0,0,1,0,0,0,0,0,0,0,1,0
618,3,0,0.0,0.11019150964631995,0.3010299956639812,0.0,0,0,0,0,1,0,0,0,0,0,0,0,1,0
619,2,1,-1.8378802347660605,0.8017930619434842,0.47712125471966244,0.3010299956639812,0,0,0,0,1,0,0,0,0,0,1,0,0,0
620,2,0,0.0,-0.2948912713722954,0.0,0.0,1,0,0,0,1,0,0,0,0,0,0,0,1,0
621,3,0,0.10463345561407526,0.0,0.3010299956639812,0.0,1,1,0,0,0,0,0,0,0,0,0,0,1,0
622,1,1,1.009990169249582,0.9607011175979003,0.3010299956639812,0.0,1,0,0,0,1,0,0,0,1,0,0,0,0,0
623,3,1,-0.887146559018876,0.09648864387788503,0.3010299956639812,0.3010299956639812,1,1,0,0,0,0,0,0,0,0,0,0,1,0
624,3,0,-0.8122178014999131,-0.8122178014999131,0.0,0.0,1,0,0,0,1,0,0,0,0,0,0,0,1,0
625,3,0,-0.8122178014999131,0.11019150964631995,0.0,0.0,1,0,0,0,1,0,0,0,0,0,0,0,1,0
626,1,0,1.8386123585829448,0.6910541193022981,0.0,0.0,1,0,0,0,1,0,0,0,1,0,0,0,0,0
627,2,0,1.7514925055251003,-0.19939467832408986,0.0,0.0,1,0,0,1,0,0,0,0,0,0,0,0,1,0
628,1,1,-0.8122178014999131,1.2962194736179753,0.0,0.0,0,0,0,0,1,0,0,0,1,0,0,0,0,0
629,3,0,0.0,-0.6744897501960817,0.0,0.0,1,0,0,0,1,0,0,0,0,0,0,0,1,0
630,3,0,-0.2641469768259236,-1.1571363276834234,0.0,0.0,1,0,0,1,0,0,0,0,0,0,0,0,1,0
631,1,1,5.19933758270342,0.6281675131201675,0.0,0.0,1,0,0,0,1,1,0,0,0,0,0,0,0,0
632,3,0,1.42978833594553,-1.742829957274785,0.0,0.0,1,0,0,0,1,0,0,0,0,0,0,0,1,0
633,1,1,0.43072729929545744,0.6461673371442507,0.0,0.0,1,1,0,0,0,0,1,0,0,0,0,0,0,0
634,1,0,0.8122178014999129,-5.199337582605575,0.0,0.0,1,0,0,0,1,0,0,0,0,0,0,0,1,0
635,3,0,-1.5689196324989263,0.5546534360049911,0.6020599913279624,0.47712125471966244,0,0,0,0,1,0,0,0,0,0,0,0,1,0
636,2,1,0.1573106846101707,-0.1046334556140754,0.0,0.0,0,0,0,0,1,0,0,0,0,0,0,0,1,0
637,3,0,0.43072729929545744,-0.649863538956174,0.0,0.0,1,0,0,0,1,0,0,0,0,0,0,0,1,0
638,2,0,0.37409541019772335,0.447436544633375,0.3010299956639812,0.3010299956639812,1,0,0,0,1,0,0,0,0,0,0,0,1,0
639,3,0,0.9674215661017008,0.8131596275295975,0.0,0.7781512503836436,0,0,0,0,1,0,0,0,0,0,0,0,1,0
640,3,0,-0.2641469768259236,0.11019150964631995,0.3010299956639812,0.0,1,0,0,0,1,0,0,0,0,0,0,0,1,0
641,3,0,-0.887146559018876,-0.8122178014999131,0.0,0.0,1,0,0,0,1,0,0,0,0,0,0,0,1,0
642,1,1,-0.5485222826980981,1.1472786763683467,0.0,0.0,0,1,0,0,0,0,1,0,0,0,0,0,0,0
643,3,0,-2.149768904909605,0.5546534360049911,0.6020599913279624,0.47712125471966244,0,0,0,0,1,0,0,0,0,0,0,0,1,0
644,3,1,-0.2641469768259236,1.0024408953397494,0.0,0.0,1,0,0,0,1,0,0,0,0,0,0,0,1,0
645,3,1,-2.575590738068263,0.18076051678684948,0.47712125471966244,0.3010299956639812,0,1,0,0,0,0,0,0,0,0,0,0,1,0
646,1,1,1.281551565544607,1.273179786185294,0.3010299956639812,0.0,1,1,0,0,0,0,0,0,1,0,0,0,0,0
647,3,0,-0.967421566101701,-0.6744897501960817,0.0,0.0,1,0,0,0,1,0,0,0,0,0,0,0,1,0
648,1,1,1.7316643961222447,0.7426267184790132,0.0,0.0,1,1,0,0,0,1,0,0,0,0,0,0,0,0
649,3,0,-0.2641469768259236,-1.235440341561252,0.0,0.0,1,0,0,0,1,0,0,0,0,0,0,0,1,0
650,3,1,-0.6102946101863327,-1.235440341561252,0.0,0.0,0,0,0,0,1,0,0,0,0,0,0,0,1,0
651,3,0,-0.2641469768259236,-0.6744897501960817,0.0,0.0,1,0,0,0,1,0,0,0,0,0,0,0,1,0
652,2,1,-1.1503493803760079,0.28348311043632296,0.0,0.3010299956639812,0,0,0,0,1,0,0,0,0,0,0,0,1,0
653,3,0,-0.8122178014999131,-0.47402371904480567,0.0,0.0,1,0,0,0,1,0,0,0,0,0,0,0,1,0
654,3,1,-0.2641469768259236,-0.8589611453848947,0.0,0.0,0,0,0,1,0,0,0,0,0,0,0,0,1,0
655,3,0,-1.1503493803760079,-1.7632717277898948,0.0,0.0,0,0,0,1,0,0,0,0,0,0,0,0,1,0
656,2,0,-0.5485222826980981,1.2156575480117222,0.47712125471966244,0.0,1,0,0,0,1,0,0,0,0,0,0,0,1,0
657,3,0,-0.2641469768259236,-0.6744897501960817,0.0,0.0,1,0,0,0,1,0,0,0,0,0,0,0,1,0
658,3,0,0.43072729929545744,0.07833360323036327,0.3010299956639812,0.3010299956639812,0,0,0,1,0,0,0,0,0,0,0,0,1,0
659,2,0,-0.6102946101863327,-0.1046334556140754,0.0,0.0,1,0,0,0,1,0,0,0,0,0,0,0,1,0
660,1,0,1.7720341481691486,1.557869291635738,0.0,0.47712125471966244,1,1,0,0,0,0,0,0,1,0,0,0,0,0
661,1,1,1.382994127100648,1.705415574568406,0.47712125471966244,0.0,1,0,0,0,1,0,0,0,0,0,0,0,1,0
662,3,0,0.9132499266836088,-1.731664396122245,0.0,0.0,1,1,0,0,0,0,0,0,0,0,0,0,1,0
663,1,0,1.2354403415612554,0.40531259748488,0.0,0.0,1,0,0,0,1,0,0,0,0,1,0,0,0,0
664,3,0,0.6102946101863326,-1.2600998806456707,0.0,0.0,1,0,0,0,1,0,0,0,0,0,0,0,1,0
665,3,1,-0.887146559018876,-0.649863538956174,0.3010299956639812,0.0,1,0,0,0,1,0,0,0,0,0,0,0,1,0
666,2,0,0.43072729929545744,1.2156575480117222,0.47712125471966244,0.0,1,0,0,0,1,0,0,0,0,0,0,0,1,0
667,2,0,-0.2641469768259236,-0.1046334556140754,0.0,0.0,1,0,0,0,1,0,0,0,0,0,0,0,1,0
668,3,0,-0.2641469768259236,-0.967421566101701,0.0,0.0,1,0,0,0,1,0,0,0,0,0,0,0,1,0
669,3,0,1.0544724517700528,-0.5485222826980981,0.0,0.0,1,0,0,0,1,0,0,0,0,0,0,0,1,0
670,1,1,0.8122178014999129,0.9539213473963434,0.3010299956639812,0.0,0,0,0,0,1,0,0,1,0,0,0,0,0,0
671,2,1,0.9132499266836088,0.8017930619434842,0.3010299956639812,0.3010299956639812,0,0,0,0,1,0,0,0,0,0,0,0,1,0
672,1,0,0.37409541019772335,0.9539213473963434,0.3010299956639812,0.0,1,0,0,0,1,0,1,0,0,0,0,0,0,0
673,2,0,2.111583113309223,-0.2948912713722954,0.0,0.0,1,0,0,0,1,0,0,0,0,0,0,0,1,0
674,2,1,0.37409541019772335,-0.1046334556140754,0.0,0.0,1,0,0,0,1,0,0,0,0,0,0,0,1,0
675,2,0,0.31863936396437514,-5.199337582605575,0.0,0.0,1,0,0,0,1,0,0,0,0,0,0,0,1,0
676,3,0,-1.1503493803760079,-0.967421566101701,0.0,0.0,1,0,0,0,1,0,0,0,0,0,0,0,1,0
677,3,0,-0.4887764111146695,-0.5485222826980981,0.0,0.0,1,0,0,0,1,0,0,0,0,0,0,0,1,0
678,3,1,-1.1503493803760079,-0.3322719016011834,0.0,0.0,0,0,0,0,1,0,0,0,0,0,0,0,1,0
679,3,0,1.0544724517700528,0.8934711068963973,0.3010299956639812,0.8450980400142568,0,0,0,0,1,0,0,0,0,0,0,0,1,0
680,1,1,0.6102946101863326,5.19933758270342,0.0,0.3010299956639812,1,1,0,0,0,0,1,0,0,0,0,0,0,0
681,3,0,-0.2641469768259236,-0.5312607573635748,0.0,0.0,0,0,0,1,0,0,0,0,0,0,0,0,1,0
682,1,1,0.10463345561407526,1.273179786185294,0.0,0.0,1,1,0,0,0,0,0,0,1,0,0,0,0,0
683,3,0,-0.887146559018876,-0.3833001194418878,0.0,0.0,1,0,0,0,1,0,0,0,0,0,0,0,1,0
684,3,0,-1.410699178450397,0.8934711068963973,0.7781512503836436,0.47712125471966244,1,0,0,0,1,0,0,0,0,0,0,0,1,0
685,2,0,1.815517334952668,0.8017930619434842,0.3010299956639812,0.3010299956639812,1,0,0,0,1,0,0,0,0,0,0,0,1,0
686,2,0,-0.2641469768259236,0.8337011982977196,0.3010299956639812,0.47712125471966244,1,1,0,0,0,0,0,0,0,0,0,0,1,0
687,3,0,-1.410699178450397,0.8131596275295975,0.6989700043360189,0.3010299956639812,1,0,0,0,1,0,0,0,0,0,0,0,1,0
688,3,0,-0.967421566101701,-0.31077171104407436,0.0,0.0,1,0,0,0,1,0,0,0,0,0,0,0,1,0
689,3,0,-1.1503493803760079,-0.9245138281980756,0.0,0.0,1,0,0,0,1,0,0,0,0,0,0,0,1,0
690,1,1,-1.3829941271006372,1.8330906785110426,0.0,0.3010299956639812,0,0,0,0,1,0,1,0,0,0,0,0,0,0
691,1,1,0.37409541019772335,1.0077458358877918,0.3010299956639812,0.0,1,0,0,0,1,0,1,0,0,0,0,0,0,0
692,3,1,-1.8378802347660605,-0.07458391121555398,0.0,0.3010299956639812,0,1,0,0,0,0,0,0,0,0,0,0,1,0
693,3,1,-0.2641469768259236,1.0024408953397494,0.0,0.0,1,0,0,0,1,0,0,0,0,0,0,0,1,0
694,3,0,-0.2641469768259236,-1.731664396122245,0.0,0.0,1,1,0,0,0,0,0,0,0,0,0,0,1,0
695,1,0,1.815517334952668,0.4676543823538879,0.0,0.0,1,0,0,0,1,0,0,0,0,0,0,0,1,0
696,2,0,1.4799413890351998,-0.06858582161447507,0.0,0.0,1,0,0,0,1,0,0,0,0,0,0,0,1,0
697,3,0,1.1011455083738528,-0.5485222826980981,0.0,0.0,1,0,0,0,1,0,0,0,0,0,0,0,1,0
698,3,1,-0.2641469768259236,-1.1571363276834234,0.0,0.0,0,0,0,1,0,0,0,0,0,0,0,0,1,0
699,1,0,1.330561513178906,1.5426305919770709,0.3010299956639812,0.3010299956639812,1,1,0,0,0,0,0,1,0,0,0,0,0,0
700,3,0,1.009990169249582,-1.191816171681394,0.0,0.0,1,0,0,0,1,0,0,0,0,0,1,0,0,0
701,1,1,-1.1503493803760079,1.857802027660256,0.3010299956639812,0.0,0,1,0,0,0,0,0,1,0,0,0,0,0,0
702,1,1,0.5485222826980978,0.4499536263652757,0.0,0.0,1,0,0,0,1,0,0,0,0,1,0,0,0,0
703,3,0,-1.1503493803760079,0.0,0.0,0.3010299956639812,0,1,0,0,0,0,0,0,0,0,0,0,1,0
704,3,0,-0.2641469768259236,-1.1537158911881047,0.0,0.0,1,0,0,1,0,0,0,0,0,0,0,0,1,0
705,3,0,0.0,-0.8122178014999131,0.3010299956639812,0.0,1,0,0,0,1,0,0,0,0,0,0,0,1,0
706,2,0,0.8616341201741718,0.43072729929545744,0.0,0.0,1,0,0,0,1,0,0,0,0,0,0,0,1,0
707,2,1,1.1503493803760079,-0.06858582161447507,0.0,0.0,0,0,0,0,1,0,0,0,0,0,0,0,1,0
708,1,1,1.009990169249582,0.4499536263652757,0.0,0.0,1,0,0,0,1,0,0,0,0,1,0,0,0,0
709,1,1,-0.6744897501960817,1.7503627437849745,0.0,0.0,0,0,0,0,1,0,0,0,0,0,0,0,1,0
710,3,1,-0.2641469768259236,0.05926734550309265,0.3010299956639812,0.3010299956639812,1,1,0,0,0,0,0,0,0,0,0,0,1,0
711,1,1,-0.5485222826980981,0.9239168111823286,0.0,0.0,0,1,0,0,0,0,0,1,0,0,0,0,0,0
712,1,0,0.8122178014999129,0.4676543823538879,0.0,0.0,1,0,0,0,1,0,0,1,0,0,0,0,0,0
713,1,1,1.281551565544607,0.9539213473963434,0.3010299956639812,0.0,1,0,0,0,1,0,0,1,0,0,0,0,0,0
714,3,0,0.21042839424792456,-0.36181343074575,0.0,0.0,1,0,0,0,1,0,0,0,0,0,0,0,1,0
715,2,0,1.4799413890351998,-0.1046334556140754,0.0,0.0,1,0,0,0,1,0,0,0,0,0,0,0,1,0
716,3,0,-0.967421566101701,-1.191816171681394,0.0,0.0,1,0,0,0,1,0,0,0,0,0,1,0,0,0
717,1,1,0.8122178014999129,1.857802027660256,0.0,0.0,0,1,0,0,0,0,0,1,0,0,0,0,0,0
718,2,1,0.10463345561407526,-0.2948912713722954,0.0,0.0,0,0,0,0,1,0,0,0,0,1,0,0,0,0
719,3,0,-0.2641469768259236,0.07833360323036327,0.0,0.0,1,0,0,1,0,0,0,0,0,0,0,0,1,0
720,3,0,0.46925288381280184,-0.967421566101701,0.0,0.0,1,0,0,0,1,0,0,0,0,0,0,0,1,0
721,2,1,-1.6866708163300608,0.7019141038448024,0.0,0.3010299956639812,0,0,0,0,1,0,0,0,0,0,0,0,1,0
722,3,0,-1.2206403488473496,-1.742829957274785,0.3010299956639812,0.0,1,0,0,0,1,0,0,0,0,0,0,0,1,0
723,2,0,0.5084880591093566,-0.1046334556140754,0.0,0.0,1,0,0,0,1,0,0,0,0,0,0,0,1,0
724,2,0,1.382994127100648,-0.1046334556140754,0.0,0.0,1,0,0,0,1,0,0,0,0,0,0,0,1,0
725,1,1,0.10463345561407526,0.9674215661017008,0.3010299956639812,0.0,1,0,0,0,1,0,0,0,0,1,0,0,0,0
726,3,0,-0.887146559018876,-0.43072729929545756,0.0,0.0,1,0,0,0,1,0,0,0,0,0,0,0,1,0
727,2,1,0.31863936396437514,0.22313996679010467,0.6020599913279624,0.0,0,0,0,0,1,0,0,0,0,0,0,0,1,0
728,3,1,-0.2641469768259236,-1.1554244197161196,0.0,0.0,0,0,0,1,0,0,0,0,0,0,0,0,1,0
729,2,0,-0.2641469768259236,0.43072729929545744,0.3010299956639812,0.0,1,0,0,0,1,0,0,0,0,0,0,0,1,0
730,3,0,-0.2641469768259236,-0.649863538956174,0.3010299956639812,0.0,0,0,0,0,1,0,0,0,0,0,0,0,1,0
731,1,1,0.21042839424792456,1.8330906785110426,0.0,0.0,0,0,0,0,1,0,1,0,0,0,0,0,0,0
732,3,0,-1.5010859460440242,0.17019230071742447,0.0,0.0,1,1,0,0,0,0,0,0,0,0,0,0,1,0
733,2,0,0.31863936396437514,-5.199337582605575,0.0,0.0,1,0,0,0,1,0,0,0,0,0,0,0,1,0
734,2,0,-0.6102946101863327,-0.1046334556140754,0.0,0.0,1,0,0,0,1,0,0,0,0,0,0,0,1,0
735,2,0,-0.6102946101863327,-0.1046334556140754,0.0,0.0,1,0,0,0,1,0,0,0,0,0,0,0,1,0
736,3,0,0.18380470283773812,0.11019150964631995,0.0,0.0,1,0,0,0,1,0,0,0,0,0,0,0,1,0
737,3,0,1.281551565544607,0.7241576272674786,0.3010299956639812,0.6020599913279624,0,0,0,0,1,0,0,0,0,0,0,0,1,0
738,1,1,0.5485222826980978,5.19933758270342,0.0,0.0,1,1,0,0,0,0,1,0,0,0,0,0,0,0
739,3,0,-0.2641469768259236,-0.6744897501960817,0.0,0.0,1,0,0,0,1,0,0,0,0,0,0,0,1,0
740,3,0,-0.2641469768259236,-0.6744897501960817,0.0,0.0,1,0,0,0,1,0,0,0,0,0,0,0,1,0
741,1,1,0.8122178014999129,0.6281675131201675,0.0,0.0,1,0,0,0,1,0,0,0,1,0,0,0,0,0
742,1,0,0.6102946101863326,1.313375300253107,0.3010299956639812,0.0,1,0,0,0,1,0,0,1,0,0,0,0,0,0
743,1,1,-0.8122178014999131,1.9152233135129777,0.47712125471966244,0.47712125471966244,0,1,0,0,0,0,1,0,0,0,0,0,0,0
744,3,0,-0.5485222826980981,0.11019150964631995,0.3010299956639812,0.0,1,0,0,0,1,0,0,0,0,0,0,0,1,0
745,3,1,0.37409541019772335,-0.649863538956174,0.0,0.0,1,0,0,0,1,0,0,0,0,0,0,0,1,0
746,1,0,2.111583113309223,1.1737428058684305,0.3010299956639812,0.3010299956639812,1,0,0,0,1,0,1,0,0,0,0,0,0,0
747,3,0,-1.2975429286165532,0.20308927325117826,0.3010299956639812,0.3010299956639812,1,0,0,0,1,0,0,0,0,0,0,0,1,0
748,2,1,0.31863936396437514,-0.1046334556140754,0.0,0.0,0,0,0,0,1,0,0,0,0,0,0,0,1,0
749,1,0,-0.967421566101701,0.9674215661017008,0.3010299956639812,0.0,1,0,0,0,1,0,0,0,1,0,0,0,0,0
750,3,0,0.37409541019772335,-1.1503493803760079,0.0,0.0,1,0,0,1,0,0,0,0,0,0,0,0,1,0
751,2,1,-1.8378802347660605,0.28348311043632296,0.3010299956639812,0.3010299956639812,0,0,0,0,1,0,0,0,0,0,0,0,1,0
752,3,1,-1.6866708163300608,-0.1810582697608222,0.0,0.3010299956639812,1,0,0,0,1,0,0,0,0,1,0,0,0,0
753,3,0,0.46925288381280184,-0.3604300790482675,0.0,0.0,1,0,0,0,1,0,0,0,0,0,0,0,1,0
754,3,0,-0.6102946101863327,-0.6744897501960817,0.0,0.0,1,0,0,0,1,0,0,0,0,0,0,0,1,0
755,2,1,1.281551565544607,1.0960665646035996,0.3010299956639812,0.47712125471966244,0,0,0,0,1,0,0,0,0,0,0,0,1,0
756,2,1,-2.6265063195121727,0.0034270609358222196,0.3010299956639812,0.3010299956639812,1,0,0,0,1,0,0,0,0,0,0,0,1,0
757,3,0,0.1573106846101707,-0.9245138281980756,0.0,0.0,1,0,0,0,1,0,0,0,0,0,0,0,1,0
758,2,0,-1.1503493803760079,-0.247086727471265,0.0,0.0,1,0,0,0,1,0,0,0,0,0,0,0,1,0
759,3,0,0.5084880591093566,-0.5485222826980981,0.0,0.0,1,0,0,0,1,0,0,0,0,0,0,0,1,0
760,1,1,0.46925288381280184,1.4044153077252854,0.0,0.0,0,0,0,0,1,0,1,0,0,0,0,0,0,0
761,3,0,-0.2641469768259236,0.0034270609358222196,0.0,0.0,1,0,0,0,1,0,0,0,0,0,0,0,1,0
762,3,0,0.9674215661017008,-1.73817529510968,0.0,0.0,1,0,0,0,1,0,0,0,0,0,0,0,1,0
763,3,1,-0.887146559018876,-1.6579213940603703,0.0,0.0,1,1,0,0,0,0,0,0,0,0,0,0,1,0
764,1,1,0.6102946101863326,1.602777802072835,0.3010299956639812,0.47712125471966244,0,0,0,0,1,0,1,0,0,0,0,0,0,0
765,3,0,-1.2975429286165532,-0.967421566101701,0.0,0.0,1,0,0,0,1,0,0,0,0,0,0,0,1,0
766,1,1,1.42978833594553,1.2962194736179753,0.3010299956639812,0.0,0,0,0,0,1,0,0,0,1,0,0,0,0,0
767,1,0,0.8122178014999129,0.8122178014999129,0.0,0.0,1,1,0,0,0,0,0,0,0,0,0,0,1,0
768,3,0,0.34623426359988224,-1.1503493803760079,0.0,0.0,0,0,0,1,0,0,0,0,0,0,0,0,1,0
769,3,0,-0.2641469768259236,0.31863936396437514,0.3010299956639812,0.0,1,0,0,1,0,0,0,0,0,0,0,0,1,0
770,3,0,0.43072729929545744,-0.487575800222593,0.0,0.0,1,0,0,0,1,0,0,0,0,0,0,0,1,0
771,3,0,-0.5485222826980981,-0.3604300790482675,0.0,0.0,1,0,0,0,1,0,0,0,0,0,0,0,1,0
772,3,0,1.281551565544607,-0.8122178014999131,0.0,0.0,1,0,0,0,1,0,0,0,0,0,0,0,1,0
773,2,0,1.7514925055251003,-0.2948912713722954,0.0,0.0,0,0,0,0,1,0,0,0,0,1,0,0,0,0
774,3,0,-0.2641469768259236,-1.731664396122245,0.0,0.0,1,1,0,0,0,0,0,0,0,0,0,0,1,0
775,2,1,1.5932188180230542,0.28348311043632296,0.3010299956639812,0.6020599913279624,0,0,0,0,1,0,0,0,0,0,0,0,1,0
776,3,0,-1.1503493803760079,-1.1503493803760079,0.0,0.0,1,0,0,0,1,0,0,0,0,0,0,0,1,0
777,3,0,-0.2641469768259236,-1.1503493803760079,0.0,0.0,1,0,0,1,0,0,0,0,0,0,1,0,0,0
778,3,1,-1.731664396122245,-0.1810582697608222,0.0,0.0,0,0,0,0,1,0,0,0,0,0,0,0,1,0
779,3,0,-0.2641469768259236,-1.1554244197161196,0.0,0.0,1,0,0,1,0,0,0,0,0,0,0,0,1,0
780,1,1,1.0544724517700528,1.8330906785110426,0.0,0.3010299956639812,0,0,0,0,1,0,1,0,0,0,0,0,0,0
781,3,1,-1.4395314709384557,-1.6579213940603703,0.0,0.0,0,1,0,0,0,0,0,0,0,0,0,0,1,0
782,1,1,-1.2206403488473496,1.0077458358877918,0.3010299956639812,0.0,0,0,0,0,1,0,1,0,0,0,0,0,0,0
783,1,0,0.21042839424792456,0.6281675131201675,0.0,0.0,1,0,0,0,1,0,0,0,1,0,0,0,0,0
784,3,0,-0.2641469768259236,0.29719581557974767,0.3010299956639812,0.47712125471966244,1,0,0,0,1,0,0,0,0,0,0,0,1,0
785,3,0,-0.2641469768259236,-1.743107270338234,0.0,0.0,1,0,0,0,1,0,0,0,0,0,0,0,1,0
786,3,0,-0.2641469768259236,-1.382994127100638,0.0,0.0,1,0,0,0,1,0,0,0,0,0,0,0,1,0
787,3,1,-1.1503493803760079,-1.2600998806456707,0.0,0.0,0,0,0,0,1,0,0,0,0,0,0,0,1,0
788,3,0,-1.6057296060590078,0.59714609685134,0.6989700043360189,0.3010299956639812,1,0,0,1,0,0,0,0,0,0,0,0,1,0
789,3,1,-2.449128853944237,0.21042839424792456,0.3010299956639812,0.47712125471966244,1,0,0,0,1,0,0,0,0,0,0,0,1,0
790,1,0,1.1918161716813969,1.320215901733085,0.0,0.0,1,1,0,0,0,0,1,0,0,0,0,0,0,0
791,3,0,-0.2641469768259236,-1.1503493803760079,0.0,0.0,1,0,0,1,0,0,0,0,0,0,0,0,1,0
792,2,0,-1.2975429286165532,0.43072729929545744,0.0,0.0,1,0,0,0,1,0,0,0,0,0,0,0,1,0
793,3,0,-0.2641469768259236,1.1503493803760079,0.9542425094393249,0.47712125471966244,0,0,0,0,1,0,0,0,0,0,0,0,1,0
794,1,0,0.8122178014999129,0.6532731833480998,0.0,0.0,1,1,0,0,0,0,0,0,0,0,0,0,1,0
795,3,0,-0.2641469768259236,-0.6744897501960817,0.0,0.0,1,0,0,0,1,0,0,0,0,0,0,0,1,0
796,2,0,0.8616341201741718,-0.1046334556140754,0.0,0.0,1,0,0,0,1,0,0,0,0,0,0,0,1,0
797,1,1,1.330561513178906,0.42634584581382245,0.0,0.0,0,0,0,0,1,0,0,0,1,0,0,0,0,0
798,3,1,0.37409541019772335,-0.428956853689594,0.0,0.0,0,0,0,0,1,0,0,0,0,0,0,0,1,0
799,3,0,0.31863936396437514,-1.6579213940603703,0.0,0.0,1,1,0,0,0,0,0,0,0,0,0,0,1,0
800,3,0,0.31863936396437514,0.31863936396437514,0.3010299956639812,0.3010299956639812,0,0,0,0,1,0,0,0,0,0,0,0,1,0
801,2,0,0.5084880591093566,-0.1046334556140754,0.0,0.0,1,0,0,0,1,0,0,0,0,0,0,0,1,0
802,2,1,0.37409541019772335,0.447436544633375,0.3010299956639812,0.3010299956639812,0,0,0,0,1,0,0,0,0,0,0,0,1,0
803,1,1,-1.5010859460440242,1.602777802072835,0.3010299956639812,0.47712125471966244,1,0,0,0,1,0,1,0,0,0,0,0,0,0
804,3,1,-2.854289576064256,-0.45817052796707836,0.0,0.3010299956639812,1,1,0,0,0,0,0,0,0,0,0,0,1,0
805,3,1,0.10463345561407526,-1.7480820137744881,0.0,0.0,1,0,0,0,1,0,0,0,0,0,0,0,1,0
806,3,0,0.37409541019772335,-0.967421566101701,0.0,0.0,1,0,0,0,1,0,0,0,0,0,0,0,1,0
807,1,0,0.8616341201741718,-5.199337582605575,0.0,0.0,1,0,0,0,1,1,0,0,0,0,0,0,0,0
808,3,0,-1.1503493803760079,-0.967421566101701,0.0,0.0,0,0,0,0,1,0,0,0,0,0,0,0,1,0
809,2,0,0.8616341201741718,-0.1046334556140754,0.0,0.0,1,0,0,0,1,0,0,0,0,0,0,0,1,0
810,1,1,0.46925288381280184,0.9674215661017008,0.3010299956639812,0.0,0,0,0,0,1,0,0,0,0,1,0,0,0,0
811,3,0,0.0,-0.7008872251805544,0.0,0.0,1,0,0,0,1,0,0,0,0,0,0,0,1,0
812,3,0,0.8616341201741718,0.31863936396437514,0.0,0.0,1,0,0,0,1,0,0,0,0,0,0,0,1,0
813,2,0,0.5485222826980978,-0.2948912713722954,0.0,0.0,1,0,0,0,1,0,0,0,0,0,0,0,1,0
814,3,0,-1.6866708163300608,0.6744897501960817,0.6989700043360189,0.47712125471966244,0,0,0,0,1,0,0,0,0,0,0,0,1,0
815,3,0,0.34623426359988224,-0.5485222826980981,0.0,0.0,1,0,0,0,1,0,0,0,0,0,0,0,1,0
816,1,0,0.8122178014999129,-5.199337582605575,0.0,0.0,1,0,0,0,1,0,1,0,0,0,0,0,0,0
817,3,0,-0.6102946101863327,-0.649863538956174,0.0,0.0,0,0,0,0,1,0,0,0,0,0,0,0,1,0
818,2,0,0.37409541019772335,0.7677248816841886,0.3010299956639812,0.3010299956639812,1,1,0,0,0,0,0,0,0,0,0,0,1,0
819,3,0,1.0544724517700528,-1.7841797378623991,0.0,0.0,1,0,0,0,1,0,0,0,0,0,0,0,1,0
820,3,0,-1.5341205443525463,0.5546534360049911,0.6020599913279624,0.47712125471966244,1,0,0,0,1,0,0,0,0,0,0,0,1,0
821,1,1,1.4799413890351998,1.4413199787081314,0.3010299956639812,0.3010299956639812,0,0,0,0,1,0,1,0,0,0,0,0,0,0
822,3,1,0.10463345561407526,-0.43072729929545756,0.0,0.0,1,0,0,0,1,0,0,0,0,0,0,0,1,0
823,1,0,0.8122178014999129,-5.199337582605575,0.0,0.0,1,0,0,0,1,0,0,0,0,0,0,0,1,0
824,3,1,0.10463345561407526,-0.1810582697608222,0.0,0.3010299956639812,0,0,0,0,1,0,0,0,0,1,0,0,0,0
825,3,0,-2.149768904909605,0.8131596275295975,0.6989700043360189,0.3010299956639812,1,0,0,0,1,0,0,0,0,0,0,0,1,0
826,3,0,-0.2641469768259236,-1.7497499158276135,0.0,0.0,1,0,0,1,0,0,0,0,0,0,0,0,1,0
827,3,0,-0.2641469768259236,1.0024408953397494,0.0,0.0,1,0,0,0,1,0,0,0,0,0,0,0,1,0
828,2,1,-2.449128853944237,0.7677248816841886,0.0,0.47712125471966244,1,1,0,0,0,0,0,0,0,0,0,0,1,0
829,3,1,-0.2641469768259236,-1.1503493803760079,0.0,0.0,1,0,0,1,0,0,0,0,0,0,0,0,1,0
830,1,1,1.8627318674216515,1.336088054243068,0.0,0.0,0,0,1,0,0,0,1,0,0,0,0,0,0,0
831,3,1,-1.3829941271006372,0.0,0.3010299956639812,0.0,0,1,0,0,0,0,0,0,0,0,0,0,1,0
832,2,1,-2.530587632891044,0.16935135709662974,0.3010299956639812,0.3010299956639812,1,0,0,0,1,0,0,0,0,0,0,0,1,0
833,3,0,-0.2641469768259236,-1.6579213940603703,0.0,0.0,1,1,0,0,0,0,0,0,0,0,0,0,1,0
834,3,0,-0.6102946101863327,-0.8122178014999131,0.0,0.0,1,0,0,0,1,0,0,0,0,0,0,0,1,0
835,3,0,-1.1503493803760079,-0.49961394225456796,0.0,0.0,1,0,0,0,1,0,0,0,0,0,0,0,1,0
836,1,1,0.8616341201741718,1.387452989487395,0.3010299956639812,0.3010299956639812,0,1,0,0,0,0,0,0,0,1,0,0,0,0
837,3,0,-0.8122178014999131,-0.43072729929545756,0.0,0.0,1,0,0,0,1,0,0,0,0,0,0,0,1,0
838,3,0,-0.2641469768259236,-0.5485222826980981,0.0,0.0,1,0,0,0,1,0,0,0,0,0,0,0,1,0
839,3,1,0.43072729929545744,1.0024408953397494,0.0,0.0,1,0,0,0,1,0,0,0,0,0,0,0,1,0
840,1,1,0.8122178014999129,0.6174648767325491,0.0,0.0,1,1,0,0,0,0,0,1,0,0,0,0,0,0
841,3,0,-0.887146559018876,-0.649863538956174,0.0,0.0,1,0,0,0,1,0,0,0,0,0,0,0,1,0
842,2,0,-1.2975429286165532,-0.2948912713722954,0.0,0.0,1,0,0,0,1,0,0,0,0,0,0,0,1,0
843,1,1,0.31863936396437514,0.6643789989318133,0.0,0.0,0,1,0,0,0,0,0,0,0,0,0,0,1,0
844,3,0,0.5283993014986544,-1.785067996086483,0.0,0.0,1,1,0,0,0,0,0,0,0,0,0,0,1,0
845,3,0,-1.2206403488473496,-0.43072729929545756,0.0,0.0,1,0,0,0,1,0,0,0,0,0,0,0,1,0
846,3,0,1.009990169249582,-1.235440341561252,0.0,0.0,1,0,0,0,1,0,0,0,0,0,0,0,1,0
847,3,0,-0.2641469768259236,1.1503493803760079,0.9542425094393249,0.47712125471966244,1,0,0,0,1,0,0,0,0,0,0,0,1,0
848,3,0,0.5485222826980978,-0.6744897501960817,0.0,0.0,1,1,0,0,0,0,0,0,0,0,0,0,1,0
849,2,0,0.1573106846101707,0.7019141038448024,0.0,0.3010299956639812,1,0,0,0,1,0,0,0,0,0,0,0,1,0
850,1,1,0.8122178014999129,1.4179198338543664,0.3010299956639812,0.0,0,1,0,0,0,0,0,1,0,0,0,0,0,0
851,3,0,-1.8378802347660605,0.6744897501960817,0.6989700043360189,0.47712125471966244,1,0,0,0,1,0,0,0,0,0,0,0,1,0
852,3,0,2.3109913382574163,-0.967421566101701,0.0,0.0,1,0,0,0,1,0,0,0,0,0,0,0,1,0
853,3,0,-1.5689196324989263,0.05926734550309265,0.3010299956639812,0.3010299956639812,0,1,0,0,0,0,0,0,0,0,0,0,1,0
854,1,1,-1.2975429286165532,0.8087331276726935,0.0,0.3010299956639812,0,0,0,0,1,0,0,0,1,0,0,0,0,0
855,2,0,1.1011455083738528,0.43072729929545744,0.3010299956639812,0.0,0,0,0,0,1,0,0,0,0,0,0,0,1,0
856,3,1,-1.1503493803760079,-0.37288050714652554,0.0,0.3010299956639812,0,0,0,0,1,0,0,0,0,0,0,0,1,0
857,1,1,1.1503493803760079,1.7677613566721564,0.3010299956639812,0.3010299956639812,0,0,0,0,1,0,0,0,0,0,0,0,1,0
858,1,1,1.42978833594553,0.4676543823538879,0.0,0.0,1,0,0,0,1,0,0,0,0,1,0,0,0,0
859,3,1,-0.5485222826980981,0.18076051678684948,0.0,0.6020599913279624,0,1,0,0,0,0,0,0,0,0,0,0,1,0
860,3,0,-0.2641469768259236,-1.6579213940603703,0.0,0.0,1,1,0,0,0,0,0,0,0,0,0,0,1,0
861,3,0,0.9674215661017008,-0.02484561746544254,0.47712125471966244,0.0,1,0,0,0,1,0,0,0,0,0,0,0,1,0
862,2,0,-0.8122178014999131,-0.247086727471265,0.3010299956639812,0.0,1,0,0,0,1,0,0,0,0,0,0,0,1,0
863,1,1,1.281551565544607,0.42634584581382245,0.0,0.0,0,0,0,0,1,0,0,0,1,0,0,0,0,0
864,3,0,-0.2641469768259236,1.1503493803760079,0.9542425094393249,0.47712125471966244,0,0,0,0,1,0,0,0,0,0,0,0,1,0
865,2,0,-0.5485222826980981,-0.1046334556140754,0.0,0.0,1,0,0,0,1,0,0,0,0,0,0,0,1,0
866,2,1,1.009990169249582,-0.1046334556140754,0.0,0.0,0,0,0,0,1,0,0,0,0,0,0,0,1,0
867,2,1,0.10463345561407526,-0.04281151391037816,0.3010299956639812,0.0,0,1,0,0,0,0,0,0,0,0,0,0,1,0
868,1,0,0.37409541019772335,0.935736948379626,0.0,0.0,1,0,0,0,1,1,0,0,0,0,0,0,0,0
869,3,0,-0.2641469768259236,-0.3604300790482675,0.0,0.0,1,0,0,0,1,0,0,0,0,0,0,0,1,0
870,3,1,-1.8378802347660605,-0.2645454005017803,0.3010299956639812,0.3010299956639812,1,0,0,0,1,0,0,0,0,0,0,0,1,0
871,3,0,0.0,-0.6744897501960817,0.0,0.0,1,0,0,0,1,0,0,0,0,0,0,0,1,0
872,1,1,1.2354403415612554,0.9607011175979003,0.3010299956639812,0.3010299956639812,0,0,0,0,1,0,0,0,1,0,0,0,0,0
873,1,0,0.46925288381280184,-1.8981970683388203,0.0,0.0,1,0,0,0,1,0,1,0,0,0,0,0,0,0
874,3,0,1.2354403415612554,-0.40216171354547575,0.0,0.0,1,0,0,0,1,0,0,0,0,0,0,0,1,0
875,2,1,0.1573106846101707,0.3140323044842253,0.3010299956639812,0.0,0,1,0,0,0,0,0,0,0,0,0,0,1,0
876,3,1,-1.3829941271006372,-1.731664396122245,0.0,0.0,0,1,0,0,0,0,0,0,0,0,0,0,1,0
877,3,0,-0.887146559018876,-0.33193567518486927,0.0,0.0,1,0,0,0,1,0,0,0,0,0,0,0,1,0
878,3,0,-0.967421566101701,-0.6744897501960817,0.0,0.0,1,0,0,0,1,0,0,0,0,0,0,0,1,0
879,3,0,-0.2641469768259236,-0.6744897501960817,0.0,0.0,1,0,0,0,1,0,0,0,0,0,0,0,1,0
880,1,1,1.7316643961222447,1.387452989487395,0.0,0.3010299956639812,0,1,0,0,0,0,0,1,0,0,0,0,0,0
881,2,1,-0.2641469768259236,0.43072729929545744,0.0,0.3010299956639812,0,0,0,0,1,0,0,0,0,0,0,0,1,0
882,3,0,0.46925288381280184,-0.6744897501960817,0.0,0.0,1,0,0,0,1,0,0,0,0,0,0,0,1,0
883,3,0,-0.6744897501960817,-0.29408768415758,0.0,0.0,0,0,0,0,1,0,0,0,0,0,0,0,1,0
884,2,0,0.1573106846101707,-0.2948912713722954,0.0,0.0,1,0,0,0,1,0,0,0,0,0,0,0,1,0
885,3,0,-0.2641469768259236,-1.743107270338234,0.0,0.0,1,0,0,0,1,0,0,0,0,0,0,0,1,0
886,3,0,0.8616341201741718,0.59714609685134,0.0,0.7781512503836436,0,0,0,1,0,0,0,0,0,0,0,0,1,0
887,2,0,0.10463345561407526,-0.1046334556140754,0.0,0.0,1,0,0,0,1,0,0,0,0,0,0,0,1,0
888,1,1,-0.967421566101701,0.6281675131201675,0.0,0.0,0,0,0,0,1,0,1,0,0,0,0,0,0,0
889,3,0,-0.2641469768259236,0.29719581557974767,0.3010299956639812,0.47712125471966244,0,0,0,0,1,0,0,0,0,0,0,0,1,0
890,1,1,0.0,0.6281675131201675,0.0,0.0,1,1,0,0,0,0,0,1,0,0,0,0,0,0
891,3,0,0.43072729929545744,-1.1503493803760079,0.0,0.0,1,0,0,1,0,0,0,0,0,0,0,0,1,0
